StockCode,Observations,AveragePrice_INR,AverageDemand,MedianDemand,MinPrice_INR,MaxPrice_INR,PriceVariationPct,Elasticity,Elasticity_R2,Intercept,ElasticityType,Confidence
21499,737,41.84509271822705,20.592944369063773,0.0,34.0,42.0,23.52941176470588,-5.8375179790331435,0.033260083707149835,23.366842313502847,Elastic,Low
21498,737,41.827951153324285,36.09362279511533,25.0,34.0,42.0,23.52941176470588,-3.8196960437670398,0.012287021040757518,16.495288517396883,Elastic,Low
22909,449,121.03148529273253,39.26057906458797,0.0,70.0,166.0,137.14285714285714,-3.738193730588241,0.2864826936083098,19.475135630708177,Elastic,High
16156S,737,41.620985979194934,22.708276797829036,0.0,34.0,42.0,23.52941176470588,-3.5812358107413997,0.01609478067220771,14.781655903689009,Elastic,Low
85123A,738,352.7926151804563,117.39024390243902,71.5,255.0,677.0,165.49019607843135,-3.0775157838329874,0.16987000444123213,21.424835250252713,Elastic,Medium
21500,734,41.72161671207993,21.900544959128066,0.0,34.0,42.0,23.52941176470588,-3.052427445083893,0.010158265577872805,13.058654667451119,Elastic,Low
21181,738,269.9405382445016,33.703252032520325,5.0,179.5,430.0,139.55431754874652,-2.9351871656749817,0.18189845625996326,18.255772691309037,Elastic,Medium
22734,449,434.63149680065044,21.85077951002227,0.0,232.5,591.0,154.19354838709677,-2.77550893420145,0.29292211606019125,18.000928592793404,Elastic,High
21588,737,252.516960651289,4.565807327001357,0.0,210.0,255.0,21.428571428571427,-2.7000576224738038,0.026783938366855553,15.49545248378273,Elastic,Low
22726,441,508.80954221515447,17.94557823129252,9.0,363.0,828.9999999999999,128.3746556473829,-2.485983628856677,0.2299961547950331,17.359281677263457,Elastic,High
22578,509,112.27425803840342,26.308447937131632,0.0,29.0,166.0,472.4137931034483,-2.464149832919925,0.44756781733471485,12.66078437781397,Elastic,High
22423,634,1443.367195363188,43.40378548895899,28.0,1011.25,2554.111111111112,152.56970196401605,-2.4194369662292843,0.06131720055344303,20.455141478550726,Elastic,Low
22577,509,90.476063414865,27.81139489194499,0.0,29.0,166.0,472.4137931034483,-2.4076952411478207,0.2677911107094738,12.154416201396147,Elastic,High
22698,485,402.9109671084929,16.418556701030926,7.0,240.0,591.0,146.25,-2.3423768522376993,0.19168356772782813,15.780076707206971,Elastic,Medium
22571,504,120.38461592970525,12.055555555555555,0.0,72.0,166.0,130.55555555555557,-2.2563241442882385,0.1628349131689535,11.833762611851357,Elastic,Medium
22952,448,85.74859247894962,61.736607142857146,0.0,42.0,208.0,395.23809523809524,-2.256066476020393,0.152458110119443,11.796201424154837,Elastic,Medium
48138,724,830.4628047443655,13.958563535911603,5.0,458.0,1698.0,270.74235807860265,-2.223661178479989,0.09710821100158862,16.63676565894126,Elastic,Low
21497,738,41.76400180668473,23.78048780487805,0.0,34.0,42.0,23.52941176470588,-2.2058857713187723,0.005147763867488608,9.846531038055439,Elastic,Low
21592,737,123.89511533242876,7.963364993215739,0.0,39.0,125.0,220.51282051282053,-2.1527296708604786,0.03685982472913851,11.218048779875085,Elastic,Low
22600,511,123.31910586152269,9.698630136986301,0.0,72.0,166.0,130.55555555555557,-2.1395765244844793,0.2058538397068398,11.220516378114583,Elastic,High
84836,737,141.4690023906442,27.19674355495251,12.0,115.5,251.0,117.31601731601731,-2.1320268967965763,0.0690571291135027,12.740248606326048,Elastic,Low
16161U,731,41.93451892384861,13.6812585499316,0.0,34.0,42.0,23.52941176470588,-2.059289938461142,0.004322345390205373,8.858933697826737,Elastic,Low
85152,738,242.29842315919552,22.43089430894309,7.0,140.0,430.0,207.14285714285717,-2.0560036079626034,0.09609516669040685,13.198306840595638,Elastic,Low
22469,596,209.71523269116136,48.65771812080537,23.5,151.66666666666666,421.0,177.5824175824176,-2.0403322246100712,0.08655664297841692,13.3641700700249,Elastic,Low
22704,561,41.92156862745098,15.602495543672013,0.0,34.0,42.0,23.52941176470588,-2.0401826529171387,0.005337667281820946,8.952015159622102,Elastic,Low
21166,738,250.164078502798,27.178861788617887,3.0,167.5,430.0,156.71641791044777,-2.0088683318203335,0.11066223813183984,12.825956265823153,Elastic,Medium
22602,511,114.79576227751375,12.706457925636007,0.0,72.0,166.0,130.55555555555557,-1.9801025299272779,0.14627622280374752,10.59272844208069,Elastic,Medium
22601,509,121.47070352699036,10.646365422396856,0.0,72.0,166.0,130.55555555555557,-1.9689210474684766,0.17415349036833494,10.382689503055625,Elastic,Medium
21098,738,213.2176270056351,12.203252032520325,0.0,106.0,329.0,210.37735849056602,-1.9465707918665123,0.18065123593018018,11.124315576981388,Elastic,Medium
84946,738,158.35331628248295,50.81436314363144,24.0,106.0,257.0,142.45283018867926,-1.916222834516899,0.06572330587838437,12.323216794578116,Elastic,Low
22086,738,389.91709665514054,49.34959349593496,0.0,232.5,677.0,191.18279569892474,-1.912571962622572,0.07484347484095166,12.840377581742734,Elastic,Low
22983,451,54.85473550839404,15.279379157427938,12.0,36.0,85.0,136.11111111111111,-1.8938881224150463,0.12228095185704313,9.249297502680129,Elastic,Medium
22158,735,410.9700615484289,12.704761904761904,0.0,255.0,604.0,136.86274509803923,-1.8851469084068588,0.16605869909714044,12.176525455705574,Elastic,Medium
22595,510,104.76186125965538,25.466666666666665,10.0,72.0,166.0,130.55555555555557,-1.8716783497842,0.07206586360625766,10.492816551188902,Elastic,Low
21495,737,41.845318860244234,16.91316146540027,0.0,34.0,42.0,23.52941176470588,-1.870866833776084,0.003481695261783546,8.336723004296822,Elastic,Low
20713,738,275.96820880113563,28.661246612466126,6.0,165.0,506.0,206.66666666666669,-1.8678596475607927,0.10493372774172649,12.262676115604851,Elastic,Medium
21790,738,102.63731312349199,37.792682926829265,14.0,71.5,170.0,137.76223776223776,-1.839616062464334,0.05515276635620081,10.939255270131953,Elastic,Low
22630,526,233.82236707103627,34.85361216730038,14.0,165.0,421.0,155.15151515151516,-1.7619187964174527,0.056916753385929275,11.91303959109327,Elastic,Low
21929,738,264.11037435915483,35.13008130081301,11.0,164.33333333333334,506.0,207.91075050709935,-1.750744713460788,0.09407959167875712,11.898761262422052,Elastic,Low
22966,395,151.558262005224,21.468354430379748,5.0,106.0,295.0,178.30188679245282,-1.7505344462458985,0.062316365860616174,10.545645687887667,Elastic,Low
48187,738,843.3198961156277,9.982384823848239,3.0,458.0,1698.0,270.74235807860265,-1.7371162401802536,0.08287658424494815,13.03163721648936,Elastic,Low
21733,737,314.8128847106459,24.345997286295795,8.0,255.0,604.0,136.86274509803923,-1.7370277688012348,0.03165624220805907,12.005870952705212,Elastic,Low
22297,737,171.15334690185435,18.814111261872455,3.0,106.0,257.0,142.45283018867926,-1.7335875724574963,0.09437225532187732,10.529173204283506,Elastic,Low
22470,595,336.222166927377,31.09579831932773,14.0,229.66666666666663,625.6666666666666,172.4238026124819,-1.73284017938062,0.04472840569244496,12.265332340683493,Elastic,Low
22030,737,49.309995477159646,17.426051560379918,1.0,36.0,85.0,136.11111111111111,-1.7222358163063165,0.06889007617816723,8.206659843252545,Elastic,Low
47566,738,593.0081090384552,38.421409214092144,15.0,375.0,1079.0,187.73333333333332,-1.7105177604354045,0.04453172669510863,13.307906073656019,Elastic,Low
84991,738,67.9627280691305,73.8970189701897,31.0,42.0,132.0,214.28571428571428,-1.7001520897181759,0.04827824782276291,10.077529070928179,Elastic,Low
21791,738,153.41238238951655,25.109756097560975,10.0,106.0,257.0,142.45283018867926,-1.6836583967701246,0.06211793539254329,10.351691827375817,Elastic,Low
84406B,734,400.8219047452698,10.032697547683924,1.0,267.25,828.9999999999999,210.19644527595878,-1.6739544665070947,0.0895503368081052,11.23010534679616,Elastic,Low
21232,738,160.84639217301822,51.50677506775068,27.0,106.0,336.0,216.98113207547172,-1.6702128753573129,0.05456060356285153,11.232716051130907,Elastic,Low
10133,645,86.59200073827981,5.970542635658915,0.0,42.0,166.0,295.23809523809524,-1.6682405242855451,0.14211447656197018,8.109175932450432,Elastic,Medium
22739,448,267.76215543509073,7.683035714285714,0.0,145.0,421.0,190.3448275862069,-1.6362624549925586,0.18151644294346225,10.103945940423724,Elastic,Medium
22720,361,615.3227083857971,20.678670360110804,11.0,448.3333333333333,1079.0,140.66914498141264,-1.6256386670050311,0.07231409810840517,12.450045119022136,Elastic,Low
22699,485,365.3615468380417,26.756701030927836,14.0,255.0,591.0,131.76470588235293,-1.600155564944102,0.059547865530659494,11.775094104964946,Elastic,Low
23298,219,565.7214838814155,37.922374429223744,25.0,468.3333333333333,1079.0,130.39145907473312,-1.594285077971835,0.0376248691728569,12.954987400150044,Elastic,Low
22294,737,149.67204669294222,22.956580732700136,4.0,106.0,257.0,142.45283018867926,-1.5802769623296808,0.0523427487139797,9.6314972327135,Elastic,Low
22585,639,140.56368395558533,28.597809076682317,12.0,106.0,251.0,136.7924528301887,-1.578599163903852,0.03038153532751786,9.757569495028264,Elastic,Low
22029,738,51.29056503568699,23.898373983739837,12.0,36.0,86.0,138.88888888888889,-1.5572399585856163,0.05644231352410245,8.147034037865215,Elastic,Low
20725,738,211.16963378496737,54.166666666666664,34.5,145.0,433.0,198.6206896551724,-1.5496504382369325,0.055483692161993114,11.287602976402422,Elastic,Low
21429,737,225.11625858311749,8.890094979647218,1.0,155.0,413.0,166.45161290322582,-1.5366013045993496,0.09105107281498326,9.525207159918128,Elastic,Low
21671,738,178.83906955736225,12.941734417344174,2.0,105.0,336.0,220.00000000000003,-1.5356479853968903,0.12215758674200894,9.3171608741094,Elastic,Medium
22835,453,591.1636754954637,12.152317880794701,3.0,445.0,1017.0,128.53932584269663,-1.5319062035691395,0.05447883156408029,11.230904076123466,Elastic,Low
22328,701,326.2836424155968,20.79029957203994,6.0,255.0,695.0,172.54901960784315,-1.5292326828893732,0.03548946245744944,10.611064612568729,Elastic,Low
22607,609,1111.642953028544,4.155993431855501,0.0,792.3333333333334,2079.0,162.3895666806899,-1.5260332995945463,0.11311961263740533,11.5417669179584,Elastic,Medium
20727,738,214.81552605028216,36.62737127371274,21.0,119.0,506.0,325.21008403361344,-1.5221181233828218,0.08022118006181422,10.700982006865733,Elastic,Low
21212,738,73.5925188322845,127.83875338753387,73.0,41.0,254.3333333333333,520.3252032520325,-1.5147840794763963,0.044898333023489445,10.049243792525612,Elastic,Low
22580,507,782.5986161986161,4.593688362919132,0.0,413.0,1187.0,187.409200968523,-1.5100472854091849,0.18901001317302846,10.775272148438349,Elastic,Medium
21731,738,221.8772922657607,40.18563685636856,12.0,140.0,413.0,195.0,-1.5065548913052949,0.054834974733459,10.362897890339532,Elastic,Low
22907,449,98.03355605048255,19.407572383073497,12.0,71.0,166.0,133.80281690140845,-1.505433175941993,0.0417744960147276,8.884660921240688,Elastic,Low
22384,683,205.0615695756984,30.30453879941435,19.0,142.0,506.0,256.3380281690141,-1.5036436894309935,0.07479453729269836,10.457537214594275,Elastic,Low
21829,688,27.216933139534884,21.896802325581394,0.0,18.0,43.0,138.88888888888889,-1.4978999261830344,0.059623073665471704,6.321771793286917,Elastic,Low
21918,738,53.610953026196924,19.926829268292682,1.0,36.0,85.0,136.11111111111111,-1.490195781860875,0.06154057777013788,7.429734041535577,Elastic,Low
21811,722,166.3049531724047,8.926592797783934,0.0,39.0,257.0,558.9743589743589,-1.490078768285094,0.26120411728878046,8.205418231422131,Elastic,High
22815,449,53.52219747587231,7.7461024498886415,0.0,36.0,85.0,136.11111111111111,-1.489080167980753,0.10378195179477157,7.0300332780758685,Elastic,Medium
21506,738,49.404384436701505,15.131436314363144,1.0,36.0,86.0,138.88888888888889,-1.4879908998253686,0.051440058967096136,7.290910823845365,Elastic,Low
84347,738,386.61291437409324,43.94308943089431,0.0,189.5,591.0,211.87335092348283,-1.4851600959500086,0.08259208806189267,9.850503366817563,Elastic,Low
22697,485,386.0084077892326,20.04742268041237,12.0,255.0,591.0,131.76470588235293,-1.477119198059406,0.06750640039082278,10.986208661154178,Elastic,Low
22149,709,247.31170824943746,18.124118476727787,6.0,185.0,496.0,168.1081081081081,-1.4746064577989284,0.05881676822552673,9.915885970703458,Elastic,Low
22027,738,53.11463414634146,15.426829268292684,12.0,36.0,100.0,177.77777777777777,-1.4604378033059806,0.06519804240449922,7.465508305210108,Elastic,Low
21430,738,530.000166150471,6.420054200542006,0.0,286.0,778.0,172.02797202797203,-1.4504231442621005,0.1410869685612901,10.037622409913258,Elastic,Medium
85099B,738,236.88634201133723,127.23577235772358,62.0,165.0,506.0,206.66666666666669,-1.4385063291061602,0.02165408334029606,11.399833163187818,Elastic,Low
82582,738,249.0246386630533,10.323848238482384,1.0,169.0,430.0,154.4378698224852,-1.4284354546517517,0.07265878747649823,9.12383522787863,Elastic,Low
84029E,738,528.2600508218335,15.914634146341463,0.0,295.0,1313.0,345.08474576271186,-1.4236317067199689,0.09023603012445158,10.034323439661584,Elastic,Low
22668,519,407.38432883750806,6.913294797687861,2.0,255.0,591.0,131.76470588235293,-1.4140427593875482,0.11441279459388609,9.655517419876283,Elastic,Medium
84270,370,24.984691119691117,61.95945945945946,30.0,16.0,43.0,168.75,-1.411924510204629,0.0286558126610984,6.9042111593913535,Elastic,Low
22560,624,139.076903998779,24.299679487179485,3.0,106.0,251.0,136.7924528301887,-1.4082186389053974,0.032089915381210754,8.688642115734176,Elastic,Low
21931,738,256.15474094203233,39.9349593495935,20.0,165.0,506.0,206.66666666666669,-1.4052972346696997,0.046305739565573156,10.413699003625311,Elastic,Low
22741,435,106.99931034482758,24.636781609195403,0.0,78.5,166.0,111.46496815286623,-1.4038970535299207,0.04068318646392555,8.08174288672246,Elastic,Low
21231,737,155.55963477574738,26.67706919945726,10.0,106.0,257.0,142.45283018867926,-1.403671495616988,0.0408195414782726,9.052740601733364,Elastic,Low
21240,737,110.52026232473996,10.306648575305292,2.0,72.0,251.0,248.61111111111111,-1.3980160867415645,0.08513294997024023,7.87289140119294,Elastic,Low
21787,624,105.83408119658121,24.227564102564102,0.0,65.0,166.0,155.3846153846154,-1.3958938163033905,0.056740297940764295,7.739130636133653,Elastic,Low
22593,511,117.552422886963,11.262230919765166,0.0,72.0,166.0,130.55555555555557,-1.3852138771702232,0.07104264558186046,7.61288918875508,Elastic,Low
22594,509,121.76639535971559,9.833005893909627,0.0,72.0,166.0,130.55555555555557,-1.3850710713491972,0.07826997886631004,7.626118594531888,Elastic,Low
21932,737,291.8384229971747,5.268656716417911,0.0,165.0,604.0,266.06060606060606,-1.3743981532861202,0.1547351313482288,8.587610635185,Elastic,Medium
84970S,738,122.50911676775499,33.34146341463415,12.0,64.0,217.0,239.0625,-1.3639624599818954,0.08531939019699464,8.774230480909466,Elastic,Low
15056BL,738,743.102245451026,12.218157181571815,1.5,425.0,1300.0,205.88235294117646,-1.355908580223314,0.10096804894540778,10.126422975384445,Elastic,Medium
82552,737,159.91610131162372,9.545454545454545,1.0,106.0,257.0,142.45283018867926,-1.352335420426473,0.052091884818799006,8.059327416208829,Elastic,Low
82484,607,786.961532125206,18.194398682042834,5.0,480.0,1663.0,246.45833333333331,-1.350815479107698,0.05002445221466145,10.651855586543675,Elastic,Low
22804,441,319.71466004391175,12.00907029478458,3.0,197.5,579.0,193.16455696202533,-1.3503808330750415,0.03604087447191806,9.261970395875956,Elastic,Low
22910,446,363.6393566689481,43.82062780269058,0.0,255.0,663.0,160.0,-1.344244457823082,0.03655259104066455,9.677780505463478,Elastic,Low
22386,679,240.42269434070442,57.62739322533137,26.0,165.0,506.0,206.66666666666669,-1.3407022486580624,0.03374107263968784,10.218099368881258,Elastic,Low
22662,508,199.72671285407503,19.755905511811022,10.0,145.0,421.0,190.3448275862069,-1.3326921637917228,0.0632247169443666,9.008998523050897,Elastic,Low
22418,582,103.30657011945672,21.867697594501717,1.0,72.0,246.0,241.66666666666666,-1.327671447157668,0.0431143424468412,7.840468213822974,Elastic,Low
84568,738,36.61811201445347,50.27506775067751,0.0,17.0,43.0,152.94117647058823,-1.3262880373221653,0.048908874121522894,5.778690338197773,Elastic,Low
22065,738,233.14219576719577,11.83739837398374,0.0,39.0,343.0,779.4871794871794,-1.3243567470726023,0.2844018106099999,7.79606867384928,Elastic,High
48184,737,860.1178652193578,6.435549525101764,1.0,458.0,1579.0,244.7598253275109,-1.323864080570954,0.07388068095527267,9.954667715778998,Elastic,Low
21108,738,339.05303264937413,17.68428184281843,0.0,79.0,517.0,554.4303797468355,-1.3147965423173313,0.17776348353196025,8.634431695350694,Elastic,Medium
84970L,738,132.46502129307007,22.577235772357724,8.0,79.0,217.0,174.68354430379748,-1.3043933240728052,0.06279070762101013,8.205959937508501,Elastic,Low
84949,737,191.98037087290817,16.485753052917232,1.0,145.0,343.0,136.55172413793105,-1.3007080655561272,0.044092470000360984,8.226030288409435,Elastic,Low
21977,738,70.73224476141142,76.72357723577235,29.0,41.0,208.0,407.3170731707317,-1.300437169879014,0.035706044763977984,8.394346272605613,Elastic,Low
20972,738,141.80307151069348,28.050135501355015,12.0,106.0,257.0,142.45283018867926,-1.300337409868176,0.024361580436743746,8.552529210898324,Elastic,Low
21933,736,288.5610699875306,5.601902173913044,0.0,165.0,591.0,258.1818181818182,-1.294592278488026,0.12704042146242056,8.114253212925686,Elastic,Medium
22090,737,372.10386627108045,22.506105834464044,9.0,200.0,677.0,238.49999999999997,-1.2925572637826304,0.04666552015905345,9.707298123086039,Elastic,Low
21122,738,134.84214092140923,17.008130081300813,2.0,106.0,251.0,136.7924528301887,-1.2914605785214184,0.01832269460652669,7.905387833920999,Elastic,Low
21121,738,136.7607723577236,20.9579945799458,3.0,106.0,251.0,136.7924528301887,-1.2856523879592558,0.02104507822930035,8.036452010449008,Elastic,Low
20749,738,816.2616531165311,4.144986449864499,1.0,635.0,1735.0000000000002,173.22834645669295,-1.2853043450993975,0.035121726987657365,9.561236026152338,Elastic,Low
21746,728,163.18106684981686,8.122252747252746,0.0,106.0,295.0,178.30188679245282,-1.2845101013019646,0.07956745647882169,7.495929971874278,Elastic,Low
21523,738,936.5058932335354,9.502710027100271,2.0,458.0,1698.0,270.74235807860265,-1.283451762282796,0.08099073455752104,9.999366368302582,Elastic,Low
84947,737,148.63903857336695,21.765264586160107,1.0,106.0,257.0,142.45283018867926,-1.282448866567189,0.04280842947245522,7.93244373839117,Elastic,Low
21238,738,105.86099496709252,12.792682926829269,4.0,72.0,251.0,248.61111111111111,-1.2780466432300792,0.05457149637453185,7.46266706153914,Elastic,Low
21509,736,51.24607407192126,11.960597826086957,0.0,36.0,86.0,138.88888888888889,-1.2774372148629833,0.052223971735189,6.352531391859641,Elastic,Low
22348,738,108.60825590398761,16.87940379403794,3.0,72.0,195.0,170.83333333333331,-1.27595147191719,0.04536948645625283,7.530178321693381,Elastic,Low
85099F,737,244.32957792621968,49.26594301221167,15.0,165.0,506.0,206.66666666666669,-1.2730885642713274,0.037765486191308706,9.471154651186394,Elastic,Low
22729,436,486.2202217125382,7.091743119266055,3.0,357.0,847.0000000000001,137.25490196078434,-1.2564224910853887,0.09915202349088215,9.016561482934577,Elastic,Low
22714,560,53.959375,9.4875,0.0,36.0,85.0,136.11111111111111,-1.248985427058544,0.06797430131953963,6.037774573506525,Elastic,Low
22652,485,200.6252479135984,20.915463917525773,8.0,145.0,421.0,190.3448275862069,-1.242158634904871,0.04352422420985336,8.41186356245288,Elastic,Low
23208,241,199.70061252716854,26.149377593360995,16.0,158.33333333333334,496.0,213.26315789473682,-1.2409852531169878,0.05051162049205149,8.954628138041937,Elastic,Low
82494L,737,394.6194376319666,19.690637720488468,11.0,230.0,847.0000000000001,268.26086956521743,-1.238432885775302,0.09536394010318039,9.36396850665895,Elastic,Low
21916,738,52.443857271906055,15.028455284552846,1.0,36.0,85.0,136.11111111111111,-1.2360414796547379,0.04756619559630426,6.223601490068132,Elastic,Low
22814,444,55.33258258258259,6.2207207207207205,0.0,36.0,85.0,136.11111111111111,-1.230148402226809,0.0939262928223017,5.863133225803136,Elastic,Low
22023,737,56.500772873599914,6.82089552238806,0.0,36.0,86.0,138.88888888888889,-1.2273224020628886,0.08272373716103165,5.827904329985961,Elastic,Low
22139,738,575.5429486803471,13.761517615176151,7.0,425.0,1126.0,164.94117647058823,-1.2266855639151615,0.04069219678597913,9.60906907843879,Elastic,Low
22817,449,51.101670378619154,7.5768374164810695,0.0,36.0,85.0,136.11111111111111,-1.2197996598840102,0.05585456599324279,5.904305302699713,Elastic,Low
82486,738,887.2785670485713,6.548780487804878,3.0,695.0,1663.0,139.28057553956833,-1.2189419474378878,0.037963897083939324,9.629982966235984,Elastic,Low
84536A,737,56.629285391225686,6.96472184531886,1.0,42.0,85.0,102.38095238095238,-1.2184220885273065,0.08035794164149035,5.988030868919686,Elastic,Low
21385,737,109.80179944433677,14.810040705563093,1.0,72.0,195.0,170.83333333333331,-1.2169959791260458,0.05297719867384387,7.052899342779739,Elastic,Low
22694,498,256.00189378894197,10.265060240963855,1.5,185.0,421.0,127.56756756756758,-1.216882024441062,0.04472051253688014,8.0196316038805,Elastic,Low
22716,556,51.441067146282975,9.537769784172662,0.0,36.0,85.0,136.11111111111111,-1.2153206251692248,0.050234918189660194,6.057755820828641,Elastic,Low
22624,584,985.6646628343119,5.522260273972603,3.0,765.0,1698.0,121.9607843137255,-1.2147371591067762,0.06866770830962299,9.655189807237036,Elastic,Low
21124,738,130.79491869918698,13.630081300813009,1.0,106.0,257.0,142.45283018867926,-1.2135927007316711,0.014112815318185867,7.266874020338166,Elastic,Low
22556,624,178.94769218050467,22.01121794871795,12.0,145.0,336.0,131.72413793103448,-1.2116086500399696,0.017452801661704598,8.305027973202016,Elastic,Low
22196,738,120.10345528455284,9.07859078590786,2.0,76.33333333333333,170.0,122.70742358078604,-1.2096848858019875,0.064329143274098,7.093369383307547,Elastic,Low
22080,738,242.26348238482387,5.246612466124661,0.0,145.0,421.0,190.3448275862069,-1.2089677657103668,0.1537342115128325,7.426288557781577,Elastic,Medium
21239,738,110.11346732911773,10.059620596205962,2.0,72.0,251.0,248.61111111111111,-1.208571379336345,0.06243680444204447,6.974102656003324,Elastic,Low
22867,455,259.08259727974126,29.498901098901097,0.0,185.0,421.0,127.56756756756758,-1.205986923998505,0.0287143306147708,8.076414140796432,Elastic,Low
22900,441,378.0608773187005,14.38548752834467,4.0,255.0,663.0,160.0,-1.205436435541874,0.04216264416294102,8.669480811586087,Elastic,Low
21975,737,63.10156199521871,42.706919945725915,12.0,40.0,130.0,225.0,-1.202609029884676,0.023827372137373626,7.222803260972224,Elastic,Low
21868,734,182.27545521387484,12.577656675749319,1.0,80.0,343.0,328.75,-1.200724086832018,0.10433415161390236,7.5619025239130515,Elastic,Medium
22047,733,41.77080491132333,11.186903137789905,0.0,34.0,42.0,23.52941176470588,-1.2001174322246255,0.0021653481927289553,5.440352141654112,Elastic,Low
84378,738,164.0231879382286,15.93089430894309,5.0,115.5,329.0,184.84848484848484,-1.1993710715521768,0.04939334299159792,7.790501859536864,Elastic,Low
48194,737,868.3451379466305,10.19538670284939,3.0,458.0,1579.0,244.7598253275109,-1.1988659983694485,0.04671889662827611,9.497881634523916,Elastic,Low
20992,737,82.06232473993668,8.373134328358208,0.0,38.0,170.0,347.3684210526316,-1.1967434611121708,0.12691218508643387,6.084647908778903,Elastic,Medium
22383,686,213.5853885586393,36.075801749271136,23.0,151.66666666666666,496.0,227.03296703296706,-1.1964585313143539,0.0436311339566563,9.054659459876163,Elastic,Low
37503,243,1198.3296835194983,10.135802469135802,5.0,910.5,2123.0,133.1685886875343,-1.1964215763193926,0.04302155547667175,10.120212872150319,Elastic,Low
23206,242,209.0945505825671,50.16528925619835,34.0,145.0,454.5,213.44827586206895,-1.195313068087004,0.03431163417259253,9.391319976948862,Elastic,Low
22385,678,242.090645924053,25.349557522123895,10.0,165.0,435.8,164.12121212121212,-1.1952458825269456,0.03522216256662891,8.501799061708665,Elastic,Low
21080,737,103.47971315206729,42.795115332428765,21.0,64.0,246.0,284.375,-1.19517189901855,0.025634981643665178,8.206603712107606,Elastic,Low
21213,738,76.90101948638534,54.96070460704607,24.0,41.0,213.0,419.5121951219512,-1.1883185187935972,0.05114298750866264,7.60752222523092,Elastic,Low
20675,737,158.03034825870648,8.89280868385346,1.0,106.0,257.0,142.45283018867926,-1.1857748329735633,0.057509729020266076,7.191207352614629,Elastic,Low
22079,736,198.83300498188407,6.850543478260869,1.0,145.0,378.5,161.0344827586207,-1.1854714722301105,0.049453551505201476,7.3854506794226635,Elastic,Low
35961,737,117.39118046132972,15.62550881953867,1.0,72.0,170.0,136.11111111111111,-1.18235122344879,0.05827286928583608,6.791994833119526,Elastic,Low
22690,528,873.2833017676767,4.801136363636363,0.0,458.0,1672.0,265.0655021834061,-1.1789350283286504,0.07113151526811234,8.742536485873128,Elastic,Low
21907,677,231.73618906942397,7.706056129985229,2.0,185.0,421.0,127.56756756756758,-1.1775590101013134,0.02921698521965921,7.7064822593366165,Elastic,Low
22381,684,279.2922062099694,13.761695906432749,4.0,185.0,506.0,173.51351351351352,-1.1754614115213924,0.06264478648057825,8.164063636110104,Elastic,Low
85049B,658,162.10410334346506,3.2264437689969605,0.0,115.5,257.0,122.5108225108225,-1.1751386433920095,0.1210803658526346,6.551375276365258,Elastic,Medium
82583,738,290.0103316850268,17.62059620596206,3.0,169.0,664.5,293.1952662721894,-1.1744228541574113,0.05665236234780824,8.258416413668504,Elastic,Low
20677,737,161.0857304387155,10.678426051560379,2.0,106.0,336.0,216.98113207547172,-1.1708949852593737,0.05464765021835993,7.2631440651294765,Elastic,Low
21917,737,51.70477159656265,10.89145183175034,0.0,36.0,85.0,136.11111111111111,-1.1640821901764433,0.046041009142409495,5.57481319545112,Elastic,Low
21870,631,175.9554898614328,10.103011093502378,1.0,106.0,336.0,216.98113207547172,-1.163039881783524,0.10391973657394316,7.185851439777059,Elastic,Medium
15036,738,99.72314492192541,60.113821138211385,9.0,52.0,163.0,213.46153846153845,-1.157727852579512,0.024619786159919443,7.349744975084608,Elastic,Low
21993,738,276.72122383037015,3.915989159891599,0.0,125.0,604.0,383.2,-1.15683849877894,0.17029001679854372,7.19601736399876,Elastic,Medium
84988,737,213.78766718356272,11.383989145183175,2.0,125.0,383.0,206.4,-1.1566539917962992,0.07171847705038414,7.648912898560565,Elastic,Low
22379,683,290.7026394989426,23.496339677891655,9.0,185.0,506.0,173.51351351351352,-1.1535286106240743,0.04264817029204271,8.548619923300695,Elastic,Low
21524,737,878.5464463397299,7.158751696065129,2.0,595.0,1698.0,185.3781512605042,-1.150334442821741,0.05943034915988288,9.049284532819508,Elastic,Low
22534,620,50.203102918586794,20.93064516129032,1.0,36.0,100.0,177.77777777777777,-1.1485358735643783,0.02968303902242153,5.9444891561499045,Elastic,Low
84032B,738,324.7518195407423,4.623306233062331,0.0,79.0,591.0,648.1012658227849,-1.14506005713089,0.05554220647866759,7.270037509715657,Elastic,Low
84978,735,152.97638690108076,29.68027210884354,16.0,106.0,257.0,142.45283018867926,-1.1434136878542231,0.02801322339177026,8.07195054488292,Elastic,Low
21908,738,250.07153342366755,13.28319783197832,3.0,148.0,430.0,190.54054054054055,-1.1427585510732063,0.04082448695952756,7.7715249769795545,Elastic,Low
22303,738,272.4852077687443,7.36449864498645,0.0,112.0,517.0,361.60714285714283,-1.1390785942557713,0.028826203104599712,7.50791244871498,Elastic,Low
22380,686,256.33863075842584,7.23469387755102,1.0,79.0,506.0,540.506329113924,-1.1338405089006396,0.06167533174729911,7.374482547018441,Elastic,Low
22422,581,104.84678714859439,4.784853700516351,0.0,12.0,128.0,966.6666666666666,-1.1334772392712116,0.10405983313597167,5.945341631781262,Elastic,Medium
21974,736,203.33897192028985,9.589673913043478,1.0,125.0,383.0,206.4,-1.1329832224797016,0.07373063049014983,7.261293173695123,Elastic,Low
21210,737,185.12558689237795,20.12347354138399,6.0,125.0,383.0,206.4,-1.1325814641235523,0.04467550187259328,7.651516560483245,Elastic,Low
21980,738,39.40076784101174,42.61788617886179,1.0,20.0,85.0,325.0,-1.1320555341131116,0.05040806204794779,5.752386188358678,Elastic,Low
22083,738,364.5821460833656,18.520325203252032,6.0,255.0,663.0,160.0,-1.1309953627680578,0.037328988753705494,8.51678105690404,Elastic,Low
35970,630,285.76625964864064,13.31904761904762,0.0,149.0,833.0,459.06040268456377,-1.128407812132238,0.09625903691155047,7.317693619991125,Elastic,Low
21244,735,203.89227405247811,7.004081632653061,0.0,145.0,336.0,131.72413793103448,-1.1276311296041295,0.05236213663364331,6.862797139745724,Elastic,Low
82551,737,169.06489952833238,7.717774762550882,1.0,106.0,257.0,142.45283018867926,-1.1266988663138993,0.046828286698087584,6.898562999700793,Elastic,Low
84997C,738,493.4869870305846,11.71680216802168,3.0,326.3333333333333,1071.0,228.19203268641473,-1.1248470728487174,0.07614573946255498,8.351783309382855,Elastic,Low
20966,631,196.18409931325937,4.992076069730587,0.0,106.0,257.0,142.45283018867926,-1.1183997147473757,0.0878255834998225,6.579290900069376,Elastic,Low
22437,611,99.59198036006546,10.738134206219312,0.0,72.0,166.0,130.55555555555557,-1.1167996430175677,0.034641707948245726,6.340344804975095,Elastic,Low
21390,736,146.99508605072464,14.89945652173913,0.0,106.0,257.0,142.45283018867926,-1.1146162189343056,0.029219641863059698,6.8774134096168105,Elastic,Low
51014A,738,94.45903342366756,9.075880758807589,0.0,39.0,170.0,335.8974358974359,-1.1130487895673353,0.09584192331959362,5.868721221305793,Elastic,Low
22766,424,323.88474842767295,10.43632075471698,4.0,255.0,591.0,131.76470588235293,-1.1117416169305103,0.028141954666238922,7.965209875768015,Elastic,Low
22353,523,376.67454702722387,5.653919694072658,0.0,210.0,591.0,181.42857142857142,-1.1101964708001049,0.11649412409806215,7.401801321216157,Elastic,Medium
22464,645,194.62861941675894,12.206201550387597,6.0,79.0,336.0,325.3164556962025,-1.109416799128399,0.0367162708981158,7.475313876064666,Elastic,Low
21878,623,112.72030497592296,8.971107544141253,0.0,72.0,166.0,130.55555555555557,-1.107969434594821,0.059773497349768445,6.064676192172807,Elastic,Low
22962,376,106.41492527862209,12.305851063829786,1.0,72.0,166.0,130.55555555555557,-1.1057172059205398,0.0426214631848173,6.418621057358537,Elastic,Low
21155,738,304.4505911019122,9.013550135501355,2.0,169.0,496.0,193.491124260355,-1.1034844565384188,0.06262037823653155,7.574134863265438,Elastic,Low
22851,475,97.37656140350877,10.934736842105263,2.0,72.0,166.0,130.55555555555557,-1.102482639397933,0.03244500476986467,6.390044957677921,Elastic,Low
15056N,738,765.5389319051919,14.060975609756097,2.0,300.0,1272.0,324.0,-1.1020281284650908,0.06259906197246168,8.697105818294958,Elastic,Low
22646,574,206.54296775620818,16.113240418118465,4.0,39.0,421.0,979.4871794871796,-1.1001163889190448,0.08041879365076732,7.459397503134989,Elastic,Low
22352,738,317.8400864041108,9.66531165311653,3.0,210.0,517.0,146.19047619047618,-1.095837463641607,0.04467778150490398,7.705573052305532,Elastic,Low
22435,608,148.59630717418545,8.225328947368421,1.0,106.0,251.0,136.7924528301887,-1.0951672218562498,0.042549309688049375,6.646350894178993,Elastic,Low
22502,490,686.1961347835838,7.753061224489796,2.0,375.0,1079.0,187.73333333333332,-1.0943867552457298,0.0534696720205563,8.4658663133167,Elastic,Low
22037,738,52.7593044263776,9.674796747967479,0.0,39.0,85.0,117.94871794871796,-1.0934341901561317,0.041373263850059794,5.575028270686443,Elastic,Low
22112,738,644.4585397735445,15.570460704607045,2.0,425.0,1246.0,193.1764705882353,-1.0898846060953886,0.04764234571842607,8.518942290741071,Elastic,Low
21519,737,50.68773987206823,10.085481682496608,0.0,36.0,86.0,138.88888888888889,-1.0877875090066311,0.03810043337401725,5.5182536382780265,Elastic,Low
22156,738,111.7740514905149,8.44579945799458,0.0,72.0,170.0,136.11111111111111,-1.086192651534487,0.051976977248380574,6.178149534155172,Elastic,Low
21559,738,306.91808620467157,11.184281842818429,4.0,210.0,517.0,146.19047619047618,-1.0844570252844208,0.037841009833023076,7.718324193205647,Elastic,Low
21156,737,231.67903986560702,12.717774762550881,3.0,165.0,430.0,160.6060606060606,-1.0820728675493694,0.04260806107732551,7.294968610299254,Elastic,Low
20719,738,120.8129774809653,33.6869918699187,18.0,72.0,251.0,248.61111111111111,-1.0806490040240255,0.03722689298740667,7.520051326310845,Elastic,Low
22544,624,52.283226495726495,15.057692307692308,0.0,19.0,85.0,347.3684210526316,-1.0792482896551523,0.03871327891645571,5.290090369067666,Elastic,Low
22333,736,186.4331974637681,13.64538043478261,2.0,145.0,343.0,136.55172413793105,-1.0787885829181345,0.02919008454451144,6.976608500494288,Elastic,Low
20676,737,156.8626510305615,14.2876526458616,5.0,106.0,336.0,216.98113207547172,-1.0779955916161639,0.03832519807507184,7.056549905496032,Elastic,Low
84987,734,187.12068574023615,11.102179836512262,1.0,125.0,383.0,206.4,-1.0778998133728628,0.05603039703438262,6.9569260542079725,Elastic,Low
22584,638,304.691144200627,8.238244514106583,0.0,210.0,595.0,183.33333333333331,-1.0706876276020079,0.04602916807076929,7.194868187314408,Elastic,Low
22554,624,187.96664059320307,22.126602564102566,12.0,145.0,336.0,131.72413793103448,-1.0687702020655745,0.018317170824028617,7.646174360766688,Elastic,Low
21936,737,374.610477085104,10.377204884667572,2.0,255.0,604.0,136.86274509803923,-1.0654724909078193,0.04561943203288632,7.594359442416396,Elastic,Low
21623,648,1039.3679526748972,11.100308641975309,0.0,638.0,2038.0,219.43573667711598,-1.0641019908948472,0.029534498442241985,8.140752954570097,Elastic,Low
21990,738,279.41907020260675,3.3658536585365852,0.0,125.0,604.0,383.2,-1.0608792647768344,0.1471607785698864,6.5754047276221534,Elastic,Medium
22568,637,428.02174882940193,8.902668759811617,3.0,339.0,762.0,124.7787610619469,-1.0508632602578225,0.03214923903741529,7.664763134804927,Elastic,Low
22567,623,149.02770643838062,9.282504012841091,0.0,106.0,292.0,175.47169811320757,-1.0483926957590375,0.03415481797551123,6.3109075711647815,Elastic,Low
22549,624,192.06155944749693,10.642628205128204,2.0,125.0,365.5,192.4,-1.0386020697514486,0.051164391769510265,6.774882622919582,Elastic,Low
84997B,738,500.7120854303781,11.995934959349594,4.0,230.0,1313.0,470.86956521739125,-1.0334879407425996,0.06392937540857468,7.8883309529225105,Elastic,Low
22813,449,257.1161841128433,8.734966592427616,0.0,165.0,421.0,155.15151515151516,-1.03301986107423,0.05625313792326181,6.758683514989201,Elastic,Low
21507,737,49.782270465852555,11.257801899592945,0.0,36.0,91.5,154.16666666666669,-1.0326787956933676,0.030473994798033366,5.349355492957779,Elastic,Low
84992,737,68.25492181947405,47.59023066485753,15.0,40.0,208.0,420.0,-1.0309122629069711,0.023016128617134868,6.651389727034603,Elastic,Low
22847,420,1731.8304761904762,2.6714285714285713,1.0,1329.0,3329.0,150.48908954100827,-1.028915624631435,0.027204515888338943,8.47263180084825,Elastic,Low
21786,738,62.339747064137306,10.478319783197833,0.0,32.0,85.0,165.625,-1.026791117894567,0.05572813562964696,5.081550025436325,Elastic,Low
84832,738,110.47161246612464,9.25880758807588,0.0,72.0,179.0,148.61111111111111,-1.0258870442886687,0.03987028873467169,6.006250332287978,Elastic,Low
20726,738,219.22437895212286,30.212737127371273,16.5,145.0,506.0,248.9655172413793,-1.0241325038843156,0.04321859568031727,7.882886687992581,Elastic,Low
23200,217,240.75360800234074,32.56221198156682,18.0,179.0,413.0,130.72625698324023,-1.0235047808850612,0.021346649805516482,8.171164952627809,Elastic,Low
10002,503,98.39635520212062,17.554671968190856,0.0,72.0,170.0,136.11111111111111,-1.0221886979743091,0.02604018626125726,5.862828053191376,Elastic,Low
21718,725,177.5149655172414,5.576551724137931,0.0,106.0,257.0,142.45283018867926,-1.0214023067904858,0.07068469290510793,6.069333442711356,Elastic,Low
16237,738,29.629983438723272,14.815718157181571,0.0,16.0,43.0,168.75,-1.013100449540136,0.03984762825584609,4.611602193638525,Elastic,Low
22250,725,133.5283908045977,2.099310344827586,0.0,72.0,170.0,136.11111111111111,-1.005822805443476,0.12901557322771928,5.316893767411557,Elastic,Medium
21242,738,204.7970867208672,9.626016260162602,1.0,145.0,421.0,190.3448275862069,-1.0036381414338822,0.038445603732186195,6.547838738519316,Elastic,Low
22198,447,212.30265793118141,17.040268456375838,3.0,145.0,395.0,172.41379310344826,-1.001219529319348,0.03221490308086816,6.969778360862692,Elastic,Low
21715,725,343.28843678160916,4.911724137931034,0.0,210.0,695.0,230.95238095238093,-1.0004313071235709,0.07117122965212397,6.629583506669658,Elastic,Low
22465,645,199.89351421188627,7.131782945736434,0.0,79.0,336.0,325.3164556962025,-0.9995994826932569,0.04381906766764132,6.294470552828095,Inelastic,Low
22605,609,1538.9946164672765,3.0229885057471266,1.0,1081.75,2549.0,135.6366997920037,-0.9951034529456697,0.05124222394249511,8.080305019759654,Inelastic,Low
22629,526,214.78522692980866,40.26235741444867,15.0,165.0,421.0,155.15151515151516,-0.9943016896846136,0.008996621905912994,7.840769863223834,Inelastic,Low
21508,738,52.040889929101304,9.182926829268293,0.0,36.0,86.0,138.88888888888889,-0.9929940665816287,0.036388316296863454,5.080532920330954,Inelastic,Low
21802,719,58.76673620769587,6.578581363004172,0.0,36.0,87.0,141.66666666666669,-0.9901158423646103,0.07054691573982819,4.639395832010656,Inelastic,Low
22672,478,201.34271269177123,5.949790794979079,0.0,145.0,412.0,184.13793103448276,-0.989543208595825,0.047098827550843714,6.184357763114187,Inelastic,Low
21992,713,282.75337273759436,4.7994389901823284,0.0,125.0,604.0,383.2,-0.98910589511983,0.10710222815472359,6.421700287553799,Inelastic,Medium
21314,738,278.39480578139114,15.714092140921409,4.5,185.0,433.6666666666667,134.4144144144144,-0.9876604998507262,0.0347291338858865,7.156617656974816,Inelastic,Low
21955,738,889.1322927298537,5.287262872628726,1.0,458.0,1698.0,270.74235807860265,-0.9860493348690941,0.05419277624980534,7.481457936775564,Inelastic,Low
22491,582,90.97766323024055,12.936426116838488,0.0,72.0,251.0,248.61111111111111,-0.9837879414631515,0.016204442162451316,5.570249200551499,Inelastic,Low
22692,528,1016.545486111111,4.041666666666667,1.0,458.0,1698.0,270.74235807860265,-0.983251674420133,0.09156476119177459,7.710594316399392,Inelastic,Low
22616,582,42.738655702830954,68.90893470790378,12.0,25.0,100.0,300.0,-0.9795559541622932,0.03259653311926425,5.854063288593852,Inelastic,Low
22819,445,49.540112359550555,7.586516853932585,0.0,36.0,85.0,136.11111111111111,-0.9779146978337115,0.033718323228389746,4.920269407571159,Inelastic,Low
22530,620,49.697809139784944,15.783870967741935,0.0,36.0,85.0,136.11111111111111,-0.9744038970363328,0.02232559675749446,4.934352981719536,Inelastic,Low
21169,731,231.83182854537165,12.138166894664844,0.0,145.0,430.0,196.55172413793102,-0.9727183096526539,0.061148510100682785,6.431556608919848,Inelastic,Low
21035,738,403.40356820234865,8.199186991869919,2.0,255.0,663.0,160.0,-0.970753416536543,0.05391483327680047,6.987849382642144,Inelastic,Low
21086,735,91.08250242954324,22.959183673469386,4.0,53.0,170.0,220.7547169811321,-0.9691674405624903,0.0424700581223143,5.9887427873366335,Inelastic,Low
21930,738,253.37781057770894,18.478319783197833,9.0,133.0,496.0,272.93233082706763,-0.9663067250695676,0.03328051923974551,7.194120016655026,Inelastic,Low
22492,581,76.08620195065977,75.74354561101549,36.0,55.00000000000001,166.0,201.8181818181818,-0.9660024433039852,0.013644499506277774,6.767115185462835,Inelastic,Low
22026,738,54.75,5.487804878048781,0.0,36.0,86.0,138.88888888888889,-0.965818482433939,0.05282868600855606,4.677955149609331,Inelastic,Low
84596B,738,110.96007871983481,8.44308943089431,0.5,42.0,257.0,511.90476190476187,-0.9648576430203301,0.156721082681203,5.559123310769331,Inelastic,Medium
21174,738,253.40362197272768,13.27371273712737,3.0,140.0,430.0,207.14285714285717,-0.9623617855931234,0.038990198605184045,6.888803418490405,Inelastic,Low
22417,676,75.84035526439374,31.9792899408284,7.0,42.0,213.0,407.1428571428571,-0.9571175425763022,0.04428132256668671,6.17711346688695,Inelastic,Low
21803,737,55.30404794210764,6.4830393487109905,0.0,42.0,87.0,107.14285714285714,-0.9553124325121529,0.05708013557761171,4.44276318005329,Inelastic,Low
22133,737,130.56569425599275,3.401628222523745,0.0,72.0,170.0,136.11111111111111,-0.9534462696504653,0.08090424621622794,5.177698851544617,Inelastic,Low
22456,645,644.1079438907345,6.903875968992248,2.0,367.0,1017.0,177.1117166212534,-0.952509698313355,0.05939645195951182,7.293171891286436,Inelastic,Low
84997A,738,500.80514905149045,6.715447154471545,0.0,326.3333333333333,847.0000000000001,159.55056179775283,-0.9508597945073421,0.06397464204874193,6.844496248007488,Inelastic,Low
22300,738,306.98389792231256,5.677506775067751,0.0,112.0,517.0,361.60714285714283,-0.9508557983365787,0.045552798063342226,6.381309620922582,Inelastic,Low
22670,479,158.76022964509394,9.323590814196242,1.0,115.5,270.5,134.19913419913422,-0.9503305498384899,0.04184493878702156,5.877012859299806,Inelastic,Low
21094,737,98.32306217828605,27.344640434192673,6.0,64.0,246.0,284.375,-0.9466839893892793,0.021586121505432487,6.226639719692662,Inelastic,Low
22661,507,94.86827744904667,16.34319526627219,4.0,72.0,166.0,130.55555555555557,-0.946083825056808,0.016519250787275563,5.944677127923356,Inelastic,Low
21485,738,564.4265984993629,10.462059620596206,1.0,425.0,1102.0,159.29411764705884,-0.9448801529215154,0.02118373277436758,7.247463636583398,Inelastic,Low
21928,738,242.29943962992743,33.30758807588076,11.0,164.0,506.0,208.53658536585365,-0.9431407000128047,0.019982294536405876,7.342818373985974,Inelastic,Low
22321,737,127.44599728629579,3.5020352781546813,0.0,72.0,170.0,136.11111111111111,-0.9425761507302006,0.07675660520988936,5.141736191564456,Inelastic,Low
22951,446,66.38470798633355,23.650224215246638,3.0,42.0,128.0,204.76190476190476,-0.9399930235543733,0.02305795413680789,5.730304386785354,Inelastic,Low
22457,645,354.56284043260786,24.306976744186045,14.0,255.0,591.0,131.76470588235293,-0.9390938393970952,0.01494892092911726,7.751486440110408,Inelastic,Low
48129,737,832.5111714156491,4.252374491180461,0.0,458.0,1579.0,244.7598253275109,-0.9390157931599907,0.0438607716284537,7.0347237569828325,Inelastic,Low
71477,737,380.1587043139282,20.92401628222524,0.0,275.0,691.0,151.27272727272728,-0.9387364546757533,0.023083641288242918,6.862584583713331,Inelastic,Low
21716,726,348.33790174471994,5.141873278236915,0.0,181.0,517.0,185.6353591160221,-0.9385264057314617,0.06159404600687901,6.279103548217817,Inelastic,Low
21563,737,355.8565871939006,3.7666214382632295,0.0,79.0,604.0,664.5569620253165,-0.9365130871821911,0.0756843940791877,6.091429582378849,Inelastic,Low
22444,422,158.81180884676144,24.680094786729857,0.0,106.0,251.0,136.7924528301887,-0.9354126835576174,0.01998860051689144,6.396221784502968,Inelastic,Low
22035,699,55.26351931330472,5.859799713876967,0.0,36.0,86.0,138.88888888888889,-0.9347511200119395,0.04554250989883246,4.595615157949799,Inelastic,Low
22059,736,188.46014492753622,6.773097826086956,0.0,39.0,343.0,779.4871794871794,-0.9315658956825219,0.06603250883943945,5.730459423918634,Inelastic,Low
22759,479,201.37022612043486,19.876826722338205,4.0,145.0,336.0,131.72413793103448,-0.9296234664338044,0.021721176794958663,6.688365372730375,Inelastic,Low
47590A,734,635.3957538601271,6.573569482288828,0.0,320.0,1102.0,244.375,-0.9290529144470342,0.05142627351526574,6.916292958674239,Inelastic,Low
21843,738,1239.510882733647,8.333333333333334,3.0,400.0,2170.0,442.5,-0.9274014218643063,0.026254399498675585,7.971598508120742,Inelastic,Low
22411,679,240.58942618092104,40.715758468335785,22.0,165.0,421.0,155.15151515151516,-0.9237184070862049,0.015305468189745208,7.7491802832504,Inelastic,Low
22185,738,202.32057362240286,5.29810298102981,0.0,79.0,395.0,400.0,-0.9236304565455399,0.047539289314704636,5.733511512291809,Inelastic,Low
51014C,737,97.39678878335594,5.819538670284939,0.0,39.0,170.0,335.8974358974359,-0.9232429168296462,0.09602089514520307,4.835226869119159,Inelastic,Low
22938,444,210.41704204204203,8.432432432432432,0.0,165.0,421.0,155.15151515151516,-0.9218473654302205,0.018241368664219104,5.962707738659415,Inelastic,Low
22896,439,327.9973424449507,4.366742596810934,1.0,210.0,579.0,175.71428571428572,-0.921778265252114,0.07009172515157314,6.219542443231933,Inelastic,Low
22501,534,1466.2188577184365,4.915730337078652,1.0,821.2499999999999,2123.0,158.50837138508373,-0.9197303181186833,0.0792083105430823,7.618339186781168,Inelastic,Low
22077,738,216.92653191809697,23.7289972899729,13.0,155.0,421.0,171.61290322580643,-0.9174014738318605,0.02178606336273714,7.015734070925406,Inelastic,Low
22219,738,114.32701638921151,13.417344173441734,6.0,72.0,170.0,136.11111111111111,-0.9142306832680789,0.029768681484671933,6.04858721936845,Inelastic,Low
22653,508,221.69342425946758,6.0236220472440944,0.0,163.0,421.0,158.28220858895705,-0.9095523454006519,0.04556558906584085,5.841124813332598,Inelastic,Low
21830,719,46.924200278164115,11.090403337969402,0.0,36.0,87.0,141.66666666666669,-0.9082046764145618,0.016931221164858457,4.379588557402162,Inelastic,Low
48188,735,863.3960997732426,6.644897959183673,1.0,400.0,1698.0,324.5,-0.9066618370616942,0.04412653889011087,6.972060398405791,Inelastic,Low
22436,609,69.42474001094692,6.983579638752053,0.0,55.00000000000001,128.0,132.72727272727272,-0.9066111476396138,0.013693628589204199,4.709170509129072,Inelastic,Low
20685,738,847.9217052820711,12.628726287262873,5.0,595.0,1698.0,185.3781512605042,-0.9058327377082126,0.019419460806774813,7.808023445707068,Inelastic,Low
22178,738,157.3352947301118,54.951219512195124,24.0,106.0,257.0,142.45283018867926,-0.9048973918642464,0.013990757968839196,7.330291321716993,Inelastic,Low
22131,737,263.5173063255153,7.192672998643148,1.0,165.0,430.0,160.6060606060606,-0.9036691454744967,0.05904108654846674,5.9755246597283795,Inelastic,Low
22189,737,446.406337360815,24.435549525101763,4.0,231.0,865.0,274.45887445887445,-0.9011156304681391,0.018347376234721158,7.081521345996104,Inelastic,Low
21891,737,156.5451524843316,16.59023066485753,1.0,106.0,257.0,142.45283018867926,-0.9004038907580909,0.020592983831369538,5.8883489759237015,Inelastic,Low
11001,735,203.9374149659864,6.640816326530612,0.0,50.0,343.0,586.0,-0.8994079109902059,0.055438207977104415,5.391784572635951,Inelastic,Low
21713,728,263.1256181318681,3.769230769230769,0.0,85.0,430.0,405.88235294117646,-0.8990077308475092,0.06766428904926458,5.639454436410235,Inelastic,Low
22644,574,221.0442757590841,8.80836236933798,1.0,39.0,421.0,979.4871794871796,-0.8921746903351918,0.07821562086305989,5.963369976297692,Inelastic,Low
84596F,738,111.63794683184926,6.2682926829268295,0.0,42.0,257.0,511.90476190476187,-0.8909411238522661,0.1525324727055679,5.0697295949835155,Inelastic,Medium
21175,738,259.92319546608167,28.074525745257453,12.0,180.28571428571428,496.0,175.11885895404123,-0.8862263099260027,0.01466146730654505,6.977294211126585,Inelastic,Low
22242,433,190.3662432640493,10.387990762124712,0.0,145.0,341.25,135.3448275862069,-0.8845070552472307,0.023029552336218395,5.821436929434106,Inelastic,Low
22551,624,180.5773943070818,25.201923076923077,12.0,145.0,395.0,172.41379310344826,-0.8819279354771766,0.008858307183716607,6.689827774836878,Inelastic,Low
22555,624,180.63316417378914,18.65224358974359,6.0,145.0,421.0,190.3448275862069,-0.881219292651621,0.011601923756440646,6.349489151479684,Inelastic,Low
21774,736,211.13722826086956,2.3682065217391304,0.0,42.0,257.0,511.90476190476187,-0.878921721824784,0.10963571770883407,5.169064831676179,Inelastic,Medium
85061W,737,111.00203527815468,8.62415196743555,0.0,74.5,170.0,128.18791946308724,-0.8756878266290613,0.03264428773145822,5.114776491652936,Inelastic,Low
21172,738,207.39867181503894,10.483739837398375,2.0,125.0,430.0,244.0,-0.8748389210713209,0.06448307309586299,5.964708438114641,Inelastic,Low
84692,737,67.7944223686761,26.328358208955223,6.0,32.0,207.3333333333333,547.9166666666665,-0.873985906097672,0.046274957100787995,5.601962863736244,Inelastic,Low
22302,738,269.3581752484191,6.669376693766938,0.0,112.0,506.0,351.7857142857143,-0.8716716211447476,0.01818483074342747,5.722058448972383,Inelastic,Low
22674,478,149.8713389121339,4.97489539748954,0.0,106.0,295.0,178.30188679245282,-0.8711875956004119,0.03633810332260501,5.1863034904246765,Inelastic,Low
21670,738,168.88396567299006,12.08130081300813,3.0,105.0,362.0,244.7619047619048,-0.8693044204476797,0.0376545900948424,5.949757283362091,Inelastic,Low
22082,736,193.2755887681159,10.070652173913043,3.0,155.0,421.0,171.61290322580643,-0.8690444920234326,0.024243479935864176,5.991644762521888,Inelastic,Low
21981,737,48.86499321573948,35.8493894165536,0.0,20.0,85.0,325.0,-0.8680836538736149,0.058859919978831776,4.480989466922007,Inelastic,Low
20728,738,202.47590661747165,33.64905149051491,19.0,145.0,506.0,248.9655172413793,-0.8677179537975758,0.021174941933585822,7.064780301301254,Inelastic,Low
22041,738,352.7752290618144,10.649051490514905,0.0,210.0,579.0,175.71428571428572,-0.866670342894649,0.04169428419479182,6.101259076296593,Inelastic,Low
21988,730,95.41664383561643,10.756164383561643,0.0,64.0,166.0,159.375,-0.865257908009966,0.02198461396367679,4.882004903125497,Inelastic,Low
22570,618,439.06754122360917,9.312297734627832,1.0,339.0,828.5,144.3952802359882,-0.8651291300765853,0.027159161730432424,6.462226638203004,Inelastic,Low
22775,417,178.56322941646684,8.870503597122303,0.0,125.0,329.0,163.2,-0.8646529831771357,0.04031950175034338,5.6297370634858925,Inelastic,Low
20828,737,302.8116010854817,6.0610583446404345,0.0,210.0,517.0,146.19047619047618,-0.8634725111391801,0.03500951130734764,5.883581582688088,Inelastic,Low
22074,736,181.26952963250514,2.9184782608695654,0.0,39.0,421.0,979.4871794871796,-0.8630146326579388,0.11431304465109604,4.906212356095932,Inelastic,Medium
47590B,732,579.8537795992714,7.852459016393443,2.0,465.00000000000006,1102.0,136.98924731182794,-0.8626743053727474,0.014569947583747744,6.648946114461877,Inelastic,Low
20996,736,43.242776268115946,8.570652173913043,0.0,19.0,86.0,352.6315789473684,-0.8618854539896693,0.08655798206585552,3.9036022733912876,Inelastic,Low
20979,738,154.6731820234869,11.025745257452575,1.0,106.0,257.0,142.45283018867926,-0.860692218459728,0.02381139330957982,5.631134311957165,Inelastic,Low
22666,518,365.084878431307,21.01930501930502,12.0,255.0,663.0,160.0,-0.8605142333748382,0.01763906682784455,7.26486835519143,Inelastic,Low
22895,441,352.5090702947846,6.541950113378685,1.0,255.0,663.0,160.0,-0.8602817075568762,0.027241623055079933,6.0895628723289965,Inelastic,Low
22076,738,186.7524411752054,3.1815718157181574,0.0,39.0,421.0,979.4871794871796,-0.8602129146237744,0.052046447145100205,5.079118998642613,Inelastic,Low
82580,738,76.10068073299782,18.12330623306233,6.0,42.0,130.0,209.52380952380955,-0.8600959595347754,0.03585689522738156,5.54833805345507,Inelastic,Low
22296,737,182.9151159785488,13.370420624151967,2.0,145.0,395.0,172.41379310344826,-0.8599869940392709,0.012542386892261281,5.95500539780451,Inelastic,Low
47591D,737,245.48275505588938,12.389416553595659,4.0,160.0,506.0,216.25,-0.8591437101023423,0.04327026594459438,6.256714314923224,Inelastic,Low
22746,440,248.30437229437229,6.720454545454546,1.0,185.0,495.0,167.56756756756758,-0.8587694779013884,0.02595158906304529,5.852198223825058,Inelastic,Low
22188,724,464.82852209944747,16.776243093922652,0.0,231.0,865.0,274.45887445887445,-0.8576903417715013,0.04158327809407025,6.104979145579173,Inelastic,Low
21411,738,522.8375983997935,2.8672086720867207,0.0,195.0,865.0,343.5897435897436,-0.8574937380861933,0.07113066305038929,6.074732761225924,Inelastic,Low
22667,518,299.26473616473623,9.482625482625483,2.5,255.0,579.0,127.05882352941175,-0.857140534407862,0.006029934855520724,6.291004458892926,Inelastic,Low
21621,735,948.8628074721953,9.420408163265305,3.0,797.5,1735.0000000000002,117.5548589341693,-0.8547808592958773,0.015467404351160785,7.284217631585007,Inelastic,Low
84997D,738,483.67800038714665,13.384823848238483,4.0,339.0,1071.0,215.929203539823,-0.8542447871411507,0.03587320664463056,6.774383278231273,Inelastic,Low
22713,561,55.35291146761735,11.001782531194296,0.0,36.0,100.0,177.77777777777777,-0.8532613436011461,0.03343323460801306,4.481237102569712,Inelastic,Low
21504,735,48.349739895958386,6.733333333333333,0.0,36.0,86.0,138.88888888888889,-0.852085653345939,0.02622499656428534,4.11987738017578,Inelastic,Low
21985,737,41.40398440696948,34.75983717774763,7.0,20.0,85.0,325.0,-0.8520671605166105,0.030201374256394242,5.01097009654144,Inelastic,Low
22940,459,477.524319604385,7.9564270152505445,0.0,375.0,847.0000000000001,125.8666666666667,-0.8505104068968328,0.02220858081003263,6.241143555842024,Inelastic,Low
22399,616,131.9318181818182,6.597402597402597,0.0,106.0,251.0,136.7924528301887,-0.8504508307340868,0.014245270763502127,4.857777873520847,Inelastic,Low
22064,738,214.26565363272678,9.047425474254743,1.0,39.0,343.0,779.4871794871794,-0.8466892098566927,0.035727407562407,5.677690059714001,Inelastic,Low
22752,489,973.1674075697082,7.662576687116564,1.0,395.0,1698.0,329.873417721519,-0.8464357916494117,0.02578708879882896,6.931777026360736,Inelastic,Low
85014B,738,716.893417430206,7.956639566395664,1.0,447.5,1300.0,190.50279329608938,-0.8454396176055116,0.04169758315937255,6.584163283763155,Inelastic,Low
21900,738,91.09467028003614,11.455284552845528,1.0,59.0,170.0,188.135593220339,-0.8453629675962662,0.04864935121658498,5.0920426274613195,Inelastic,Low
23207,242,202.66994517190798,32.3099173553719,18.5,145.0,498.0,243.44827586206898,-0.8433714198735573,0.024328873243067095,7.0703460106471825,Inelastic,Low
21915,733,138.1263469325884,51.95907230559345,6.0,106.0,262.3333333333333,147.48427672955972,-0.8429821062475146,0.007135762892526598,6.039365040183346,Inelastic,Low
22488,644,197.67429199940847,10.788819875776397,3.0,145.0,336.0,131.72413793103448,-0.8410991639564066,0.02279858540767221,5.923012819868209,Inelastic,Low
22637,556,314.59139688249405,8.29136690647482,2.0,210.0,591.0,181.42857142857142,-0.841090903128194,0.040089689562600395,6.031087084295464,Inelastic,Low
22161,732,88.96646174863388,9.337431693989071,0.0,19.0,170.0,794.7368421052632,-0.8377270348431486,0.1498940920833015,4.5515309351219315,Inelastic,Medium
21934,738,228.0257904245709,6.28590785907859,1.0,145.0,421.0,190.3448275862069,-0.8375364876179504,0.046361710937992795,5.578949050825934,Inelastic,Low
20712,738,267.13376039234777,24.299457994579946,10.0,165.0,506.0,206.66666666666669,-0.8371364155986504,0.02016156313980233,6.6315423588209725,Inelastic,Low
22505,639,569.5453573291601,5.968701095461659,2.0,405.5,1102.0,171.7632552404439,-0.8352570904450083,0.033731110400474384,6.380530394611725,Inelastic,Low
22147,730,162.3241199667912,17.93972602739726,5.0,118.0,413.0,250.0,-0.8329509055726495,0.014873777640748487,5.93804650516188,Inelastic,Low
82581,738,69.86826364692219,11.401084010840108,3.0,42.0,130.0,209.52380952380955,-0.8309440297076379,0.03378184529354744,4.9475365578611195,Inelastic,Low
21090,721,86.31081830790569,4.305131761442441,0.0,19.0,166.0,773.6842105263157,-0.8303676956083142,0.08523587427070456,4.239215209313551,Inelastic,Low
22639,508,287.0398622047244,3.2893700787401574,0.0,79.0,506.0,540.506329113924,-0.8287830054858484,0.04575832073720432,5.364964082399922,Inelastic,Low
21067,672,159.8140873015873,7.129464285714286,0.0,38.0,257.0,576.3157894736843,-0.8277692300870553,0.08435597924278859,4.706341434239897,Inelastic,Low
21889,738,154.69831459191215,17.898373983739837,4.0,106.0,336.0,216.98113207547172,-0.8243675024348063,0.018900384150303595,5.777529076034776,Inelastic,Low
22663,508,242.54387889013873,11.395669291338583,3.0,165.0,506.0,206.66666666666669,-0.8233635801099438,0.022338924205808408,5.998443836916952,Inelastic,Low
48185,737,910.7774827162887,9.26729986431479,2.0,458.0,1698.0,270.74235807860265,-0.8225973832644515,0.03196657215625942,6.754935996135659,Inelastic,Low
21125,738,131.97222222222223,2.9227642276422765,0.0,38.0,251.0,560.5263157894738,-0.8220461782237407,0.027984135913575292,4.497729425201327,Inelastic,Low
85062,727,180.02842732691425,5.429160935350756,0.0,145.0,257.0,77.24137931034483,-0.8199551795971363,0.01161027935734904,5.0836409430653005,Inelastic,Low
21078,680,115.85520308123249,10.626470588235295,1.0,64.0,251.0,292.1875,-0.8186345251595739,0.04276945738291538,5.141617292281418,Inelastic,Low
22227,737,89.55257801899593,8.213025780189959,1.0,55.00000000000001,130.0,136.36363636363635,-0.8171291195299772,0.03179889247959422,4.834451294553604,Inelastic,Low
22493,580,183.7743513957307,8.267241379310345,0.0,145.0,336.0,131.72413793103448,-0.8156594306569711,0.017739721552093246,5.294572849877802,Inelastic,Low
22356,738,119.71131275003225,26.944444444444443,13.0,72.0,298.0,313.88888888888886,-0.8148957025564063,0.024321595528793538,6.11032490743218,Inelastic,Low
20682,737,400.0866350067842,4.208955223880597,0.0,275.0,691.0,151.27272727272728,-0.8129534928812381,0.04293690293194785,5.736767178134482,Inelastic,Low
84755,738,93.82558932335355,55.14769647696477,16.0,55.00000000000001,517.0,839.9999999999999,-0.8120958488087552,0.03683185497623698,6.068539496475836,Inelastic,Low
22908,445,95.65132156233278,12.701123595505617,2.0,64.0,166.0,159.375,-0.8108989826731798,0.014568341180041022,5.100814434900288,Inelastic,Low
20733,736,88.36877264492753,2.654891304347826,0.0,42.0,170.0,304.76190476190476,-0.8102819131885329,0.03154572163204783,4.0482468362305255,Inelastic,Low
22620,579,156.0791080680977,14.41105354058722,4.0,106.0,251.0,136.7924528301887,-0.8102347245065279,0.014977319267070466,5.728601734458809,Inelastic,Low
21340,735,1328.3643990929704,2.4095238095238094,0.0,847.5,2604.0,207.2566371681416,-0.8098842964848783,0.030873521269590642,6.367235722505855,Inelastic,Low
21484,738,526.8298339570698,6.452574525745257,0.0,295.0,913.0,209.4915254237288,-0.8080646410535993,0.05655028466881251,5.969190557974741,Inelastic,Low
82599,522,277.6104246487867,4.923371647509579,1.0,169.0,430.0,154.4378698224852,-0.8074874590081151,0.046010989755510656,5.492137926899208,Inelastic,Low
21071,699,171.34398274591408,6.364806866952789,0.0,80.0,257.0,221.25,-0.806699847434207,0.04727700497285847,4.899455550201923,Inelastic,Low
23204,242,114.65722648563558,32.83884297520661,20.0,78.5,246.0,213.37579617834396,-0.8054187747585674,0.019162982264303685,6.298605501835754,Inelastic,Low
21704,738,95.90582655826559,23.4390243902439,0.0,72.0,170.0,136.11111111111111,-0.802774887540279,0.013204143239891386,4.922296396929111,Inelastic,Low
22718,554,56.26188327316487,4.770758122743683,0.0,36.0,85.0,136.11111111111111,-0.8022816499551296,0.0409170393520677,3.998036105737612,Inelastic,Low
84880,734,691.8779291553134,2.4523160762942777,0.0,495.0,1579.0,218.989898989899,-0.800800122309329,0.03989244600683495,5.777971810945548,Inelastic,Low
21991,736,267.3479846014493,1.5081521739130435,0.0,125.0,604.0,383.2,-0.7944084997951016,0.1309967518209164,4.7763390108616015,Inelastic,Medium
20711,730,262.3333516673585,17.58219178082192,3.0,163.33333333333334,430.0,163.26530612244895,-0.7924910748597449,0.026149604758599287,5.985296834518256,Inelastic,Low
21313,738,115.45728803716608,9.29539295392954,0.0,64.0,170.0,165.625,-0.7909553179432729,0.03418712674832325,4.698677387107175,Inelastic,Low
22610,650,79.75025641025641,19.46,0.0,19.0,195.0,926.3157894736843,-0.7897968403267542,0.1331044380958748,4.314051113254344,Inelastic,Medium
22377,681,265.3120166421929,5.315712187958884,0.0,85.0,506.0,495.29411764705884,-0.7897413961864871,0.05703377599029269,5.134392368317316,Inelastic,Low
21179,650,147.32468864468865,6.592307692307692,0.0,38.0,343.0,802.6315789473686,-0.7892406612203446,0.09313668486554327,4.7426781475110396,Inelastic,Low
22569,594,423.4733339892431,9.604377104377104,2.0,311.0,894.9999999999999,187.78135048231508,-0.7885318776490201,0.01685977348639145,6.0263768036882395,Inelastic,Low
22440,604,45.91059602649007,14.198675496688741,0.0,36.0,100.0,177.77777777777777,-0.788227105211555,0.011716212272595228,3.974965677064006,Inelastic,Low
22636,567,900.7316872427984,2.9100529100529102,0.0,765.0,1698.0,121.9607843137255,-0.7870584783356744,0.0214462133608031,6.1397908549456695,Inelastic,Low
16235,738,31.70379403794038,7.9986449864498645,0.0,16.0,43.0,168.75,-0.7860232779773204,0.03939866019327143,3.4253321891883903,Inelastic,Low
22073,519,477.39702725020646,4.1233140655105975,1.0,339.0,778.0,129.4985250737463,-0.7823410916739031,0.04900001088313033,5.77904526987814,Inelastic,Low
22413,678,330.5835229667088,10.373156342182892,3.0,222.0,591.0,166.2162162162162,-0.7820742531725412,0.01688804361897822,5.867435413666128,Inelastic,Low
22989,309,369.953074433657,9.090614886731391,3.0,255.0,795.0,211.76470588235296,-0.7790858570721351,0.02082045940628008,5.892393002847978,Inelastic,Low
22553,624,192.42025144993895,12.830128205128204,4.0,145.0,421.0,190.3448275862069,-0.7788428982761627,0.01591063151769756,5.743851279664016,Inelastic,Low
22622,581,1154.9158142775182,5.564543889845095,1.0,850.0,2496.0,193.64705882352942,-0.778529107960538,0.021820087071433236,6.433482093640312,Inelastic,Low
22906,446,207.96610968752222,7.7174887892376685,0.0,145.0,336.0,131.72413793103448,-0.7783184582764346,0.028035268337067154,5.203618426727641,Inelastic,Low
20674,737,153.04194934418817,4.654002713704206,0.0,106.0,257.0,142.45283018867926,-0.7779571646561422,0.034634932502811244,4.763950105254676,Inelastic,Low
85049G,738,156.87353206865401,4.754742547425474,0.0,106.0,257.0,142.45283018867926,-0.7777285231250082,0.040186919159012735,4.7516879789909545,Inelastic,Low
10135,737,142.89495703301674,5.7937584803256446,0.0,25.0,257.0,927.9999999999999,-0.7776899060633683,0.035351906807772226,4.530259808817254,Inelastic,Low
21755,738,677.4203101475459,7.757452574525745,5.0,545.0,1246.0,128.62385321100916,-0.7775907517871926,0.017475212537304552,6.643399852671807,Inelastic,Low
21243,737,201.70022614201721,7.6621438263229305,0.0,145.0,421.0,190.3448275862069,-0.7758025244239463,0.023339326756892653,5.076389129398219,Inelastic,Low
47599A,728,227.71543040293037,8.284340659340659,0.0,169.0,430.0,154.4378698224852,-0.7746759374125776,0.015935299031854644,5.008198492593492,Inelastic,Low
21989,738,107.17527100271003,11.609756097560975,1.0,64.0,251.0,292.1875,-0.7743595882583105,0.028720040524378487,4.76599871345506,Inelastic,Low
37450,737,361.82180009045675,3.343283582089552,0.0,255.0,604.0,136.86274509803923,-0.7738842025328946,0.04672441802332028,5.203434245927497,Inelastic,Low
22747,441,246.2051020408163,4.705215419501134,0.0,185.0,495.0,167.56756756756758,-0.7735429752388412,0.024374324751724297,5.109680381118061,Inelastic,Low
22439,609,73.93459222769567,6.472906403940887,0.0,55.00000000000001,128.0,132.72727272727272,-0.7728053664075559,0.01745802645985739,4.263827162448725,Inelastic,Low
22025,738,53.85682023486902,5.3983739837398375,0.0,36.0,86.0,138.88888888888889,-0.7723379006967132,0.035697995845350494,3.771946375301444,Inelastic,Low
85184C,737,368.3113975576662,3.1099050203527816,0.0,125.0,604.0,383.2,-0.770699982097549,0.06654499833524397,5.015207510645265,Inelastic,Low
20975,737,74.22691413064547,24.956580732700136,1.0,55.00000000000001,130.0,136.36363636363635,-0.7700762254821713,0.009163763517107903,4.908423199496452,Inelastic,Low
22671,478,212.77423291492332,3.583682008368201,0.0,145.0,336.0,131.72413793103448,-0.7673212912462226,0.0496057559707459,4.755536057018819,Inelastic,Low
47567B,725,653.711264367816,3.013793103448276,0.0,465.00000000000006,1300.0,179.56989247311824,-0.7667093379593788,0.033883583305855614,5.522926601376447,Inelastic,Low
22212,738,263.2010646535037,5.55420054200542,2.0,144.5,430.0,197.57785467128028,-0.7665899998764808,0.03478563889474129,5.384321703371954,Inelastic,Low
85199S,738,58.69054716737644,8.311653116531165,0.0,36.0,85.0,136.11111111111111,-0.7660058136070261,0.029400024956873994,4.0160512717890375,Inelastic,Low
85014A,735,680.7480347694634,6.136054421768708,1.0,447.5,1272.0,184.24581005586595,-0.7653940058920864,0.031720237518815586,5.85453504186259,Inelastic,Low
72351B,734,233.62577526923573,7.919618528610354,0.0,169.0,430.0,154.4378698224852,-0.7650061102034081,0.01766180195401601,5.087797223113643,Inelastic,Low
22358,702,397.34418667752004,3.824786324786325,0.0,246.0,591.0,140.2439024390244,-0.7637662363778512,0.05267770549682016,5.400924112893928,Inelastic,Low
20974,738,74.95395212285456,18.281842818428185,2.0,55.00000000000001,130.0,136.36363636363635,-0.7633132286827887,0.011079523601629893,4.831041595439083,Inelastic,Low
22119,738,724.0766937669376,1.2357723577235773,0.0,195.0,1443.0,640.0,-0.762643859541498,0.03872009319073888,5.395356991662847,Inelastic,Low
22382,685,191.1864200398142,28.826277372262773,20.0,145.0,454.5,213.44827586206895,-0.762592486694188,0.011645864556208085,6.52037350765814,Inelastic,Low
22421,582,61.707768777614135,8.268041237113403,0.0,36.0,90.0,150.0,-0.761530135820178,0.03449622242303463,4.074452200089888,Inelastic,Low
22898,439,256.75649202733484,7.24373576309795,2.0,165.0,496.0,200.6060606060606,-0.7605953932686842,0.042282136940656634,5.424261034154979,Inelastic,Low
84029G,738,515.8170254617409,9.859078590785908,0.0,339.0,828.9999999999999,144.5427728613569,-0.7574506283244564,0.030010719243518946,5.801001980503839,Inelastic,Low
22433,658,240.38996960486318,4.217325227963526,0.0,143.66666666666666,421.0,193.03944315545246,-0.7536319167208928,0.04370094183781481,4.853264076224669,Inelastic,Low
22996,295,51.78096045197739,16.257627118644066,3.0,39.0,83.0,112.82051282051282,-0.7534987421342437,0.014810207539483589,4.62519561530458,Inelastic,Low
84792,737,538.754907281773,3.1492537313432836,0.0,280.0,952.0,240.0,-0.7534587927293042,0.039171270680346426,5.482613754158318,Inelastic,Low
85039B,737,171.67706919945726,2.260515603799186,0.0,42.0,336.0,700.0,-0.7529549845893041,0.045112349649199635,4.283755998144382,Inelastic,Low
22669,520,371.424358974359,4.667307692307692,0.0,255.0,591.0,131.76470588235293,-0.7519632982795562,0.032133312446440576,5.387608390338364,Inelastic,Low
21126,738,139.91666666666666,3.168021680216802,0.0,38.0,257.0,576.3157894736843,-0.7518266376272973,0.033609246170395624,4.247895403191893,Inelastic,Low
21844,735,329.2341950113379,7.365986394557823,0.0,255.0,604.0,136.86274509803923,-0.750839876158115,0.017610467197119117,5.394089084518201,Inelastic,Low
22134,738,66.74920957542908,3.214092140921409,0.0,36.0,87.0,141.66666666666669,-0.7506858890686169,0.06670944538120405,3.628109610289925,Inelastic,Low
22563,624,132.37029914529916,9.565705128205128,0.0,106.0,251.0,136.7924528301887,-0.7506815895141662,0.009911077495829645,4.680727593108063,Inelastic,Low
22539,623,54.54654895666132,9.142857142857142,0.0,19.0,85.0,347.3684210526316,-0.7497589634164886,0.029746311716386642,3.6650958324341767,Inelastic,Low
22132,737,118.55694255992765,4.552238805970149,0.0,72.0,170.0,136.11111111111111,-0.7483216787014869,0.04172264951361182,4.246551398694106,Inelastic,Low
22665,502,405.0726870296591,6.00996015936255,2.0,255.0,663.0,160.0,-0.7463022691490266,0.03953218618749854,5.615309305536101,Inelastic,Low
21216,738,702.931968641115,5.233062330623306,1.0,425.0,1126.0,164.94117647058823,-0.7454590194608967,0.05218121642638773,5.867317084816352,Inelastic,Low
22758,490,160.16819727891155,5.014285714285714,0.0,39.0,251.0,543.5897435897436,-0.7450006332369447,0.046607840568299475,4.447626296626983,Inelastic,Low
82600,738,234.32180012474726,17.390243902439025,4.0,169.0,430.0,154.4378698224852,-0.7417529468115612,0.01022814853033227,5.768854088288476,Inelastic,Low
21976,738,79.19094076655053,19.975609756097562,2.0,42.0,213.0,407.1428571428571,-0.7403898623619483,0.030736472937268555,4.852285458119063,Inelastic,Low
22964,383,255.08830867420946,7.436031331592689,1.0,185.0,421.0,127.56756756756758,-0.7395308291756658,0.023971342008970553,5.1818514503304005,Inelastic,Low
21544,738,103.15390695573623,8.300813008130081,0.0,65.0,170.0,161.53846153846155,-0.7373780453350425,0.02038038819533372,4.436365162277927,Inelastic,Low
48173C,737,885.9567616463138,5.503392130257802,0.0,400.0,1698.0,324.5,-0.7360561727244035,0.04523789122231625,5.663719338062123,Inelastic,Low
47559B,731,164.5453260373917,6.767441860465116,1.0,106.0,336.0,216.98113207547172,-0.7321943522478648,0.042931916891576494,4.846127245416949,Inelastic,Low
22070,738,418.57983288166207,2.497289972899729,0.0,212.5,778.0,266.11764705882354,-0.7311623107384427,0.033621397351596305,4.931312935740411,Inelastic,Low
22335,737,84.71429971355344,11.845318860244234,0.0,55.00000000000001,130.0,136.36363636363635,-0.7304948856185923,0.022362478349006065,4.27735999903439,Inelastic,Low
84971S,737,108.05076888285842,8.782903663500678,0.0,39.0,170.0,335.8974358974359,-0.7277523603493325,0.02340575346646434,4.410736531201065,Inelastic,Low
21874,737,185.2957840666796,8.720488466757123,0.0,106.0,343.0,223.58490566037736,-0.723311504327476,0.04968841319998296,4.7701630684688245,Inelastic,Low
22535,617,49.08795245813074,7.072933549432739,0.0,27.0,100.0,270.3703703703704,-0.7229433742636634,0.021145172012752123,3.5742190289813003,Inelastic,Low
21068,737,166.16974485859473,5.959294436906378,0.0,38.0,257.0,576.3157894736843,-0.7227604566136623,0.0490096151043703,4.284175788843072,Inelastic,Low
22531,617,48.59097784981091,13.139384116693678,0.0,36.0,100.0,177.77777777777777,-0.7194978295704549,0.013334337990587475,3.8440648166903766,Inelastic,Low
22089,734,341.17670624107956,4.779291553133515,0.0,200.0,591.0,195.5,-0.7194962228235953,0.020952035248792855,5.0815904140029,Inelastic,Low
21914,738,164.711314032249,17.99728997289973,1.0,106.0,604.0,469.811320754717,-0.7157489109956787,0.026772049470143666,5.1020263830136,Inelastic,Low
22195,738,224.81285972383534,7.036585365853658,1.0,145.0,343.0,136.55172413793105,-0.7156251831359571,0.02673193860415779,4.971029905804217,Inelastic,Low
21535,737,284.1920780297646,9.020352781546812,4.0,210.0,517.0,146.19047619047618,-0.713076623463687,0.012687651236894304,5.447227071633932,Inelastic,Low
22151,738,57.672086720867206,37.56775067750677,5.0,36.0,208.5,479.1666666666667,-0.7113157383406602,0.026099546586644373,4.710928073685236,Inelastic,Low
85017B,706,76.71163833805477,3.185552407932011,0.0,42.0,85.0,102.38095238095238,-0.7112523023412636,0.031074420307861783,3.6352375136388377,Inelastic,Low
20717,735,158.08541950113377,8.620408163265306,2.0,83.0,336.0,304.81927710843377,-0.7109815310307083,0.028437419177281598,4.833148831491138,Inelastic,Low
20914,738,321.47953814478205,25.0840108401084,12.0,255.0,604.0,136.86274509803923,-0.7092962844535281,0.005438576489910529,6.347517798328573,Inelastic,Low
84945,735,230.50465176546808,30.749659863945578,0.0,72.0,1136.0,1477.7777777777778,-0.7090483435091982,0.10543409947866489,5.074799051489608,Inelastic,Medium
72741,738,179.21497720135932,27.24932249322493,9.0,125.0,865.0,592.0,-0.7032769653818777,0.020996204731902224,5.508050425547854,Inelastic,Low
21911,500,212.26125,5.13,0.0,100.0,365.5,265.5,-0.7031777802244864,0.034836645504401464,4.5244086841467706,Inelastic,Low
21703,737,48.63150158299412,20.07327001356852,0.0,31.5,85.0,169.84126984126985,-0.7029083395275397,0.010980960655849414,4.068173997748347,Inelastic,Low
21679,736,104.8841938405797,6.6915760869565215,0.0,72.0,170.0,136.11111111111111,-0.7025043542549307,0.024602152041244385,4.024047610955121,Inelastic,Low
22730,441,444.51729294892556,8.72108843537415,4.0,357.0,847.0000000000001,137.25490196078434,-0.7022731808092929,0.016923674882974193,5.71523490502655,Inelastic,Low
21564,736,330.5570652173913,2.639945652173913,0.0,79.0,604.0,664.5569620253165,-0.702137877221956,0.03708756628072629,4.554093725870938,Inelastic,Low
22979,282,181.16752786220871,14.49645390070922,3.0,135.0,329.0,143.70370370370372,-0.6969234078869836,0.021890813567172374,5.143358105346554,Inelastic,Low
21452,630,355.376455026455,3.0825396825396827,0.0,255.0,677.0,165.49019607843135,-0.6968278951397402,0.03236654289932217,4.813824287200279,Inelastic,Low
20724,738,111.4455736224029,43.01490514905149,24.0,72.0,251.0,248.61111111111111,-0.6959977782371898,0.01127756009089187,5.979415357370025,Inelastic,Low
22365,703,930.2075391180653,3.3115220483641536,0.0,458.0,1579.0,244.7598253275109,-0.6954830115078561,0.05004842680148125,5.336230169448732,Inelastic,Low
22169,737,1002.6478968792402,3.1397557666214384,1.0,685.75,1735.0000000000002,153.00765585125777,-0.6947166111956293,0.03677824335920321,5.650963664864112,Inelastic,Low
21033,646,335.8981362720527,7.154798761609907,0.0,125.0,591.0,372.8,-0.6939313346936039,0.036017046444317136,4.941127875054265,Inelastic,Low
85049H,738,123.80614272809395,2.8089430894308944,0.0,42.0,257.0,511.90476190476187,-0.6927456688688821,0.04207005929249841,3.9019508093048914,Inelastic,Low
20679,738,667.7856395937696,8.470189701897018,1.0,447.5,1300.0,190.50279329608938,-0.6926740378495071,0.01657326748183896,5.4840826860758485,Inelastic,Low
84828,737,166.48810492989597,3.396200814111262,0.0,106.0,270.5,155.18867924528303,-0.6923854587163033,0.04116760303566713,4.142439776478288,Inelastic,Low
23203,217,228.01498696854483,85.48387096774194,51.0,179.0,387.375,116.41061452513965,-0.6922891599148365,0.003813912689276333,7.269424885136829,Inelastic,Low
23182,283,149.92243816254418,13.215547703180212,4.0,72.0,250.0,247.22222222222223,-0.6906183162617607,0.043210880431493126,5.079084930271682,Inelastic,Low
21381,733,221.34942506334048,7.0109140518417465,0.0,145.0,750.0,417.2413793103448,-0.6904320705900886,0.03260878947885382,4.611043786424307,Inelastic,Low
22499,673,677.1174319613027,5.337295690936107,1.0,400.0,1357.0,239.25,-0.6902865740091644,0.018314248425291724,5.4960565369143906,Inelastic,Low
22478,644,167.57246376811594,4.312111801242236,0.0,125.0,251.0,100.8,-0.6898690293985412,0.036876752384360056,4.187080950723901,Inelastic,Low
22548,598,142.9814938684504,5.983277591973244,0.0,85.0,295.0,247.05882352941177,-0.6891364967625099,0.017154695310293122,4.315982609681663,Inelastic,Low
22024,738,53.17628726287263,7.3861788617886175,0.0,36.0,86.0,138.88888888888889,-0.6866766928735631,0.022895427106603194,3.684228356748098,Inelastic,Low
20978,738,160.40266485998194,5.62059620596206,0.0,106.0,257.0,142.45283018867926,-0.686616904102159,0.025894100095071315,4.398895155304373,Inelastic,Low
22645,574,224.25745395719264,9.94773519163763,2.0,39.0,581.5,1391.025641025641,-0.6844802217182512,0.039738094248167655,5.03504800119668,Inelastic,Low
20981,738,96.90752032520325,6.451219512195122,0.0,72.0,170.0,136.11111111111111,-0.6838952230887221,0.013020842131584498,4.117236814348303,Inelastic,Low
22271,724,326.21744935543273,6.80524861878453,1.0,192.0,591.0,207.8125,-0.6802362596376244,0.01246779084921057,5.05757935784251,Inelastic,Low
22960,376,502.1418907924227,24.68617021276596,14.0,296.0,828.9999999999999,180.06756756756752,-0.6784142447770206,0.009198101709637863,6.581700978067279,Inelastic,Low
23209,214,184.52993755984411,58.97663551401869,41.0,160.0,413.0,158.125,-0.6750771443382266,0.006729849465624493,6.776105084293798,Inelastic,Low
22772,417,163.8794964028777,10.733812949640289,0.0,85.0,329.0,287.05882352941177,-0.674366500707808,0.020302646401722524,4.721011422544892,Inelastic,Low
72351A,736,247.4573143115942,4.476902173913044,0.0,169.0,430.0,154.4378698224852,-0.6727151890332598,0.02784026890791713,4.4151060650304625,Inelastic,Low
21846,736,450.41394927536237,2.2051630434782608,0.0,125.0,828.9999999999999,563.1999999999999,-0.6716129845560171,0.10466386935987781,4.441057066802214,Inelastic,Medium
22367,698,228.6465240824123,11.633237822349571,6.5,165.0,506.0,206.66666666666669,-0.6713350314982315,0.01604756045912603,5.294516650295574,Inelastic,Low
22727,441,444.6360537484687,21.603174603174605,11.0,357.0,847.0000000000001,137.25490196078434,-0.6709430069225839,0.009934478610162056,6.251649848003407,Inelastic,Low
82578,737,70.78681592039801,7.644504748982361,1.0,42.0,130.0,209.52380952380955,-0.6704890035124209,0.027521243622324998,3.9653104730307747,Inelastic,Low
22998,296,48.86829954954955,41.520270270270274,24.0,39.0,83.0,112.82051282051282,-0.6696522763417819,0.006587133331967032,4.973686880609182,Inelastic,Low
47599B,690,221.00760869565218,5.1521739130434785,0.0,169.0,421.0,149.11242603550298,-0.6667241013409565,0.009581229234032596,4.270902257116502,Inelastic,Low
22245,631,109.21561014263075,7.44215530903328,0.0,68.66666666666667,170.0,147.57281553398056,-0.6655500696411306,0.02088675874058621,4.033317671861724,Inelastic,Low
37447,737,211.07544097693352,3.9742198100407053,0.0,125.0,343.0,174.4,-0.6649451158483167,0.046988683506759,4.2363944206526725,Inelastic,Low
22094,736,155.35932971014495,4.854619565217392,0.0,39.0,257.0,558.9743589743589,-0.6636527650473992,0.13558081857664983,3.8349831163357075,Inelastic,Medium
21673,738,164.33288166214996,13.846883468834688,3.0,105.0,395.0,276.1904761904762,-0.6628298192020223,0.018806752756296397,4.901848416378143,Inelastic,Low
22301,738,309.44157633243,6.911924119241192,0.0,112.0,517.0,361.60714285714283,-0.6627689070335132,0.01961916525246965,4.862329239755205,Inelastic,Low
22834,453,241.23245885216082,16.642384105960264,0.0,85.0,833.0,880.0000000000001,-0.6620941571055052,0.01519385954136876,4.688913255683746,Inelastic,Low
16238,737,31.94651741293532,3.417910447761194,0.0,18.5,43.0,132.43243243243242,-0.6612905741686015,0.04764820041398499,2.7558092013654405,Inelastic,Low
20718,738,162.52385469092786,18.197831978319783,10.0,106.0,336.0,216.98113207547172,-0.6608213347235555,0.0161949877412344,5.19040951199092,Inelastic,Low
22071,738,406.24661246612465,2.0853658536585367,0.0,50.0,762.0,1424.0,-0.6592920511088741,0.04526592227425874,4.379687025157708,Inelastic,Low
16236,736,31.18953804347826,3.6168478260869565,0.0,16.0,43.0,168.75,-0.6572101191231178,0.04364552454659587,2.7553978531594567,Inelastic,Low
22332,732,181.83258196721314,5.695355191256831,0.0,145.0,339.5,134.13793103448276,-0.6560624832605896,0.014866290953362116,4.148836321450981,Inelastic,Low
22897,438,183.102397260274,4.139269406392694,0.0,125.0,395.0,216.0,-0.6556139778438275,0.03435698401406939,4.226200153958093,Inelastic,Low
22111,738,600.5004176306425,13.754742547425474,1.0,425.0,1246.0,193.1764705882353,-0.6541338557500378,0.013372966915364715,5.532533483506075,Inelastic,Low
22537,616,48.92308286951144,9.49025974025974,0.0,36.0,85.0,136.11111111111111,-0.6527165686077808,0.013737524074994067,3.4285408789955225,Inelastic,Low
35471D,738,162.19412827461608,3.0338753387533877,0.0,39.0,257.0,558.9743589743589,-0.6505262060150278,0.1635704662752585,3.755240836659614,Inelastic,Medium
84596G,737,107.61996834011758,3.0189959294436908,0.0,42.0,257.0,511.90476190476187,-0.6498796515164208,0.11931886259372926,3.5495929033814,Inelastic,Medium
22623,580,575.4704022988507,4.051724137931035,0.0,425.0,1246.0,193.1764705882353,-0.6497971935092518,0.015047660704721522,5.016503728849349,Inelastic,Low
22677,472,166.06832627118644,3.281779661016949,0.0,125.0,251.0,100.8,-0.6486445019935584,0.03166775980907399,4.0013461168001925,Inelastic,Low
21380,729,342.3905317133712,6.914951989026063,1.0,255.0,591.0,131.76470588235293,-0.6482601225894765,0.015420678546711586,4.8179081913511,Inelastic,Low
22341,736,237.10810688405795,4.726902173913044,0.0,145.0,343.0,136.55172413793105,-0.648068982417696,0.04358742185339248,4.016745178012252,Inelastic,Low
22477,643,170.4571021254536,3.7807153965785383,0.0,125.0,251.0,100.8,-0.6480510230976725,0.039411574772228786,3.8929668204988364,Inelastic,Low
22378,683,288.5687896534895,5.522693997071742,0.0,85.0,506.0,495.29411764705884,-0.6470075161184758,0.0476536874692195,4.520218952632642,Inelastic,Low
21773,737,200.9831750339213,2.2523744911804613,0.0,42.0,257.0,511.90476190476187,-0.6465667630293008,0.06933555183881257,3.843574427434235,Inelastic,Low
47593B,736,98.27445652173913,3.2092391304347827,0.0,39.0,257.0,558.9743589743589,-0.6460599094471909,0.09208675179971948,3.4537658005438323,Inelastic,Low
22150,738,220.41321460833655,10.766937669376693,2.0,164.0,506.0,208.53658536585365,-0.6453428561973386,0.012865298606787312,4.828153143625872,Inelastic,Low
21561,737,292.1761985526911,4.032564450474898,0.0,210.0,517.0,146.19047619047618,-0.6430314110973154,0.02048948971789577,4.436505440301995,Inelastic,Low
22562,624,133.26402243589743,6.392628205128205,0.0,106.0,251.0,136.7924528301887,-0.642949970695003,0.009255370505183214,3.9255956001669894,Inelastic,Low
22754,488,100.78533697632058,8.129098360655737,0.0,21.0,166.0,690.4761904761905,-0.6423176944868652,0.016749857910468458,4.016588507498534,Inelastic,Low
21578,734,281.338851044505,3.016348773841962,0.0,163.0,517.0,217.17791411042944,-0.6418510482180491,0.0429321493786996,4.2334175712904925,Inelastic,Low
22093,735,127.37877551020408,3.219047619047619,0.0,39.0,257.0,558.9743589743589,-0.6383984689173672,0.1381369006445008,3.4702270709894707,Inelastic,Medium
22322,709,129.09320639398214,2.286318758815233,0.0,79.0,170.0,115.18987341772151,-0.637696120035026,0.0494223925252425,3.554338187323134,Inelastic,Low
21984,737,41.710673903211216,34.580732700135684,0.0,25.0,85.0,240.0,-0.63460350180713,0.028184393739426383,3.4297193487961293,Inelastic,Low
22628,526,589.1880228136882,3.2927756653992395,0.0,413.0,1017.0,146.24697336561744,-0.6334686791752899,0.03212775365279219,4.709243949325639,Inelastic,Low
22743,485,373.8713402061855,3.0742268041237115,0.0,79.0,695.0,779.746835443038,-0.633112748316742,0.035849107353878695,4.433049591529636,Inelastic,Low
21539,700,566.9618401360544,3.9114285714285715,1.0,425.0,1039.0,144.47058823529412,-0.6321113662452973,0.023525755909018176,4.944301114479612,Inelastic,Low
22366,703,894.3028449502134,3.6145092460881934,0.0,458.0,1579.0,244.7598253275109,-0.631756399238973,0.027783332547534623,5.029368940200651,Inelastic,Low
85015,737,205.12369968340116,3.96472184531886,0.0,65.0,257.0,295.3846153846154,-0.6315054926611784,0.11595243087408291,3.8182437085084375,Inelastic,Medium
21584,736,164.79166666666666,4.846467391304348,0.0,145.0,165.0,13.793103448275861,-0.6299247538565753,0.00083156175261212,3.909218439804058,Inelastic,Low
22398,623,115.11784376672018,6.913322632423756,0.0,39.0,251.0,543.5897435897436,-0.6297898373077313,0.0669063836114806,3.9225967531290795,Inelastic,Low
22432,658,229.12227288078353,5.348024316109423,0.0,138.0,421.0,205.0724637681159,-0.6296631041660099,0.019215346613464912,4.329411383559079,Inelastic,Low
21899,737,82.82394843962008,9.166892808683853,1.0,53.0,170.0,220.7547169811321,-0.6294889697813454,0.02489241036571821,3.849230832570041,Inelastic,Low
20723,738,118.45580074848367,24.928184281842817,11.0,72.0,251.0,248.61111111111111,-0.62588630316989,0.015409166462501678,5.1140253796689565,Inelastic,Low
22063,737,373.6123925825418,3.090909090909091,0.0,79.0,604.0,664.5569620253165,-0.6246635863785391,0.0423764092101907,4.240047182277988,Inelastic,Low
22536,620,44.91024193548387,15.779032258064516,0.0,27.0,85.0,214.81481481481484,-0.6187737744254228,0.006282880011203584,3.346377974130501,Inelastic,Low
22753,488,100.0951356362217,4.819672131147541,0.0,20.0,195.0,875.0,-0.6177498779949844,0.02868942973614419,3.6865228096446776,Inelastic,Low
22135,738,69.35781391147245,2.2398373983739837,0.0,36.0,87.0,141.66666666666669,-0.6174923521515698,0.052720135798109746,3.0680426763578392,Inelastic,Low
21481,738,385.52049321124525,11.53929539295393,0.0,255.0,828.9999999999999,225.09803921568624,-0.6172554618354925,0.015383870683988943,4.813838439123037,Inelastic,Low
21675,737,107.93341732893973,2.462686567164179,0.0,72.0,170.0,136.11111111111111,-0.6164752718530244,0.034787597342425314,3.405142036037837,Inelastic,Low
21207,732,179.4141621129326,4.938524590163935,0.0,145.0,343.0,136.55172413793105,-0.6117299760972523,0.014213165481084977,3.7682252603578203,Inelastic,Low
72802C,722,460.27400738688834,3.0831024930747923,0.0,100.0,865.0,765.0,-0.6103758379777385,0.02612864280014382,4.213825703966386,Inelastic,Low
21745,736,391.5703804347826,3.7010869565217392,0.0,200.0,847.0000000000001,323.50000000000006,-0.6102439578667791,0.010213581463220156,4.402229643017021,Inelastic,Low
22791,413,148.00349071832122,23.811138014527845,0.0,106.0,251.0,136.7924528301887,-0.6043850956917961,0.0076384127141815306,4.629734788141234,Inelastic,Low
22434,610,206.85081967213114,4.214754098360656,0.0,165.0,421.0,155.15151515151516,-0.6043376222127151,0.010122271501497582,3.851806508424679,Inelastic,Low
21272,618,162.86192017259978,3.843042071197411,0.0,106.0,257.0,142.45283018867926,-0.6037428998251706,0.026996634912843653,3.789301610766003,Inelastic,Low
20977,706,154.855925401322,5.361189801699717,0.0,120.25,257.0,113.72141372141371,-0.6033003233584522,0.01831861725603623,3.933643233840933,Inelastic,Low
21935,738,228.80121752682726,9.746612466124661,1.0,145.0,421.0,190.3448275862069,-0.6024303005691749,0.020502687878977466,4.5563628222007,Inelastic,Low
22460,641,153.84872594903794,7.5023400936037445,0.0,106.0,251.0,136.7924528301887,-0.6019427557997589,0.01567931590721272,3.995979914341644,Inelastic,Low
22357,701,538.8114122681883,2.9800285306704706,0.0,375.0,847.0000000000001,125.8666666666667,-0.6000624860517563,0.03981694149871273,4.365295058331075,Inelastic,Low
22210,736,160.6576086956522,2.188858695652174,0.0,77.5,343.0,342.5806451612903,-0.5992476654799375,0.06363743310023706,3.4596933208124847,Inelastic,Low
22331,737,198.08853459972863,5.052917232021709,0.0,145.0,336.0,131.72413793103448,-0.5988068647152612,0.019695229521699775,3.9764450593359815,Inelastic,Low
21903,735,247.56224489795918,4.653061224489796,0.0,140.0,430.0,207.14285714285717,-0.5978906326358467,0.021723280350587904,3.9790529591585377,Inelastic,Low
22222,737,581.6132293080054,2.029850746268657,0.0,195.0,1039.0,432.8205128205128,-0.5974902077422085,0.05410264199754444,4.303326269798458,Inelastic,Low
85178,738,138.54561878952123,7.617886178861789,0.0,79.0,257.0,225.31645569620252,-0.5970341289268337,0.01568842879287491,3.649376566312797,Inelastic,Low
22487,643,1113.945161569034,2.5552099533437014,1.0,850.0,2038.0,139.76470588235296,-0.5954405167545818,0.028509369059099843,5.0503486388756444,Inelastic,Low
85150,738,295.6079885674398,11.532520325203253,3.0,210.0,506.0,140.95238095238096,-0.593834741133759,0.00835925319082853,4.815074884683068,Inelastic,Low
22431,654,238.6412625600699,5.1941896024464835,1.0,165.0,421.0,155.15151515151516,-0.5935461390221365,0.02156748263769659,4.225611813902383,Inelastic,Low
47504K,708,218.6318738229755,3.7655367231638417,0.0,79.0,865.0,994.9367088607595,-0.5901525847514854,0.08880224788743396,3.681753369384312,Inelastic,Low
85039A,738,211.50564588979225,1.9986449864498645,0.0,42.0,343.0,716.6666666666667,-0.5886452146234109,0.0795574305502037,3.5055230727335838,Inelastic,Low
21749,720,266.1207175925926,7.775,0.0,185.0,430.0,132.43243243243242,-0.5871808322642507,0.028873018621130897,3.7917909581977876,Inelastic,Low
21706,736,544.5661231884059,1.8383152173913044,0.0,195.0,1039.0,432.8205128205128,-0.5859466927142049,0.045894563853089765,4.0831740137592085,Inelastic,Low
22295,737,182.24336757769592,11.580732700135686,0.0,145.0,336.0,131.72413793103448,-0.5857388722395762,0.005841250271578002,4.324895839256976,Inelastic,Low
22776,418,1149.71413476874,4.069377990430622,2.0,850.0,2038.0,139.76470588235296,-0.5855398850929701,0.019001442231879162,5.193835823309028,Inelastic,Low
23202,217,228.58636463383004,50.41013824884793,31.0,179.0,413.0,130.72625698324023,-0.5844497748985631,0.003939395781606292,6.234463608114012,Inelastic,Low
21328,738,233.073532068654,3.413279132791328,0.0,83.0,343.0,313.2530120481928,-0.582790028929834,0.03954193414662466,3.9423420529915627,Inelastic,Low
22634,568,1019.8204015761235,3.0211267605633805,1.0,850.0,2038.0,139.76470588235296,-0.5820044464543218,0.009753130673182842,4.828256318672107,Inelastic,Low
22208,737,170.73580474252117,3.242876526458616,0.0,77.5,343.0,342.5806451612903,-0.5807464346233028,0.053258491452560563,3.6042106654327863,Inelastic,Low
22664,505,283.7661716171618,2.742574257425743,0.0,79.0,421.0,432.9113924050633,-0.5802973947396856,0.04024297844752289,3.8478851467449102,Inelastic,Low
20983,738,95.83994063750161,8.382113821138212,0.5,72.0,170.0,136.11111111111111,-0.5797249150874827,0.00821429579338706,3.8224311103698803,Inelastic,Low
22061,737,1130.2193351424696,2.8887381275440975,0.0,295.0,2170.0,635.5932203389831,-0.5792159561606223,0.030955630611794405,4.727599748781896,Inelastic,Low
22109,738,523.2698345241029,4.646341463414634,0.0,339.0,778.0,129.4985250737463,-0.5791620744699908,0.0260873264391962,4.445431331154794,Inelastic,Low
22075,738,221.92494838043618,4.494579945799458,0.0,39.0,421.0,979.4871794871796,-0.5789887664203134,0.04293905466010017,3.6524465880698527,Inelastic,Low
21249,737,379.3480325644505,2.2686567164179103,0.0,166.0,604.0,263.855421686747,-0.5787328662309431,0.04020400179856842,3.9033299561332573,Inelastic,Low
21775,736,209.47916666666669,1.1942934782608696,0.0,85.0,257.0,202.35294117647058,-0.5781802532295448,0.06699269664444685,3.4343654577257725,Inelastic,Low
22326,701,342.7492878654077,22.293865905848786,8.0,255.0,663.0,160.0,-0.5780748657331473,0.0062944608234645205,5.321256972120921,Inelastic,Low
21902,738,80.90006775067751,7.369918699186992,0.0,53.0,170.0,220.7547169811321,-0.5776575074355221,0.021508648218856896,3.3953867253078904,Inelastic,Low
21245,736,192.62239583333331,3.370923913043478,0.0,145.0,336.0,131.72413793103448,-0.576638900179947,0.016016582290365844,3.6462968340202613,Inelastic,Low
22262,735,120.16709750566893,2.7768707482993196,0.0,85.0,170.0,100.0,-0.5765387502182331,0.03197659494883909,3.2805454719519616,Inelastic,Low
84510A,738,175.8373532068654,2.924119241192412,0.0,115.5,254.0,119.9134199134199,-0.5765067981558608,0.03450438275703516,3.7173310228433096,Inelastic,Low
22807,445,381.3673782771536,3.1280898876404493,0.0,125.0,591.0,372.8,-0.5758775509697475,0.03633394077434926,4.103360686021982,Inelastic,Low
17003,737,28.964201718679327,96.76797829036634,0.0,14.000000000000002,83.0,492.8571428571428,-0.5754647869865726,0.008305341677090516,3.5105269248362445,Inelastic,Low
23199,242,251.15500273372174,61.40495867768595,30.0,184.0,413.0,124.45652173913044,-0.5736264076172157,0.004643857460185696,6.209063255468148,Inelastic,Low
22179,738,851.5388437217706,2.8021680216802167,0.0,579.0,1387.0,139.55094991364422,-0.5710988039559569,0.03125362576965307,4.571757818233815,Inelastic,Low
22220,737,1146.8768656716418,1.0040705563093624,0.0,295.0,2083.0,606.1016949152543,-0.5709252545479631,0.06077145452252519,4.354819983679767,Inelastic,Low
22751,460,418.6006832298137,5.05,1.0,339.0,762.0,124.7787610619469,-0.5702111603790336,0.012032210579671188,4.3674604046717835,Inelastic,Low
22654,508,760.8581748304189,5.271653543307087,1.0,495.0,1272.0,156.96969696969697,-0.5694190100287913,0.0215577098298797,4.766008359024515,Inelastic,Low
21556,722,350.7785780240074,2.2493074792243766,0.0,225.0,591.0,162.66666666666666,-0.5662900652573402,0.04176720329132866,3.7490534521652137,Inelastic,Low
20985,737,162.3752148349163,3.2360922659430122,0.0,106.0,257.0,142.45283018867926,-0.5649027648533282,0.03084633478013432,3.376365355481594,Inelastic,Low
71053,738,462.8720928521502,6.7411924119241196,1.0,339.0,865.0,155.1622418879056,-0.5625398207999569,0.01833220130483637,4.520640300906187,Inelastic,Low
82613D,735,174.24027210884356,1.6258503401360545,0.0,42.0,257.0,511.90476190476187,-0.5623881741745993,0.07011415849470137,3.259292461433892,Inelastic,Low
22412,650,258.2455128205128,3.6984615384615385,0.0,185.0,421.0,127.56756756756758,-0.5622196012801353,0.02216487221079788,3.8489296454974555,Inelastic,Low
22565,639,104.41575378195097,3.31924882629108,0.0,85.0,166.0,95.29411764705881,-0.5568040533596458,0.020211997949383886,3.2036132272846065,Inelastic,Low
21116,734,673.2375567665758,1.8841961852861036,0.0,425.0,865.0,103.5294117647059,-0.5565248062509021,0.029134424063261388,4.2199510722354585,Inelastic,Low
21901,738,82.30955284552846,8.498644986449865,1.0,53.0,170.0,220.7547169811321,-0.5562586955794121,0.018078307512445324,3.56198064777889,Inelastic,Low
22110,738,454.83481094334746,3.6802168021680215,0.0,125.0,778.0,522.4,-0.5560474640901032,0.05369980830460719,4.021440594848844,Inelastic,Low
84581,731,384.64432284541726,0.6963064295485636,0.0,339.0,430.0,26.843657817109147,-0.555598296565457,0.004638008938336435,3.6134208772045673,Inelastic,Low
21218,738,517.4277777777778,7.17479674796748,2.0,325.0,865.0,166.15384615384616,-0.5551779636283298,0.02307079789198485,4.673752259209744,Inelastic,Low
22215,738,933.6388888888889,1.4715447154471544,0.0,295.0,1735.0000000000002,488.1355932203391,-0.5546113315209086,0.02784402872897107,4.2508981204864975,Inelastic,Low
15056P,737,707.670737222976,3.282225237449118,0.0,300.0,1300.0,333.33333333333337,-0.5532073857748737,0.03183460099162794,4.172460703190807,Inelastic,Low
85232B,437,593.0123673809029,6.913043478260869,1.0,425.0,1039.0,144.47058823529412,-0.5527338203046909,0.015600193994015688,4.612503934411532,Inelastic,Low
22744,485,331.67766323024057,3.154639175257732,0.0,79.0,643.0,713.9240506329114,-0.5525115406761909,0.020903511527332275,3.871376399449455,Inelastic,Low
22693,491,139.14663951120164,36.057026476578415,0.0,86.0,295.0,243.02325581395348,-0.551793497926817,0.004217444570403295,4.189094646554757,Inelastic,Low
22107,738,504.3558072009292,1.7154471544715446,0.0,125.0,778.0,522.4,-0.5515771241773119,0.050351910786383236,3.8828295569024056,Inelastic,Low
22844,418,1064.1856060606062,2.889952153110048,1.0,765.0,1698.0,121.9607843137255,-0.5514195534754807,0.028806528902256212,4.725225043657758,Inelastic,Low
22480,541,127.17258163894024,4.463955637707948,0.0,106.0,246.0,132.0754716981132,-0.5508787688658423,0.002759885945102014,3.3866675293316195,Inelastic,Low
22251,721,166.12059639389736,2.6102635228848823,0.0,83.0,254.0,206.02409638554215,-0.5498049614834845,0.04128379231145318,3.2932276463325216,Inelastic,Low
84536B,735,57.08721088435374,4.763265306122449,0.0,32.0,85.0,165.625,-0.5497938953303274,0.0217473146796896,2.940561680463856,Inelastic,Low
21201,738,305.19783197831975,3.727642276422764,0.0,210.0,517.0,146.19047619047618,-0.5496656629589641,0.02418091399045852,3.6232781275118833,Inelastic,Low
22055,737,212.30638366608514,6.573948439620081,0.0,39.0,343.0,779.4871794871794,-0.5488793776244257,0.019377948330921213,3.9543630059846855,Inelastic,Low
22678,478,160.99965132496513,2.933054393305439,0.0,122.0,251.0,105.73770491803278,-0.548639773748614,0.025074189122126556,3.437716525841861,Inelastic,Low
21531,736,296.4307593599034,5.5978260869565215,1.0,210.0,517.0,146.19047619047618,-0.5485843836086559,0.014421974345671829,4.19040808749417,Inelastic,Low
84520B,457,106.95588986141503,15.89277899343545,4.0,64.0,251.0,292.1875,-0.5478799643208574,0.00916552294146955,4.237207105917012,Inelastic,Low
22771,417,152.2861139659701,18.31654676258993,12.0,85.0,251.0,195.2941176470588,-0.5461900855797317,0.007391699734929258,4.642198598508822,Inelastic,Low
22209,736,168.38960597826087,1.9388586956521738,0.0,50.0,343.0,586.0,-0.5446025228227587,0.06946087165812453,3.2009289179352174,Inelastic,Low
22582,638,292.7604493207942,3.9780564263322886,0.0,210.0,506.0,140.95238095238096,-0.543410438137664,0.015843102029425515,3.6807687538434304,Inelastic,Low
22755,490,99.46958535795272,7.781632653061225,0.0,21.0,166.0,690.4761904761905,-0.5431301822870579,0.011691794744548178,3.540336653812291,Inelastic,Low
15039,736,116.22871376811594,6.951086956521739,0.0,53.0,170.0,220.7547169811321,-0.5419595728620054,0.020645970369513655,3.212650992545223,Inelastic,Low
21986,738,40.23331074977416,18.269647696476966,0.0,20.0,85.0,325.0,-0.5419424100310021,0.016896304316160182,3.1089095927911674,Inelastic,Low
22318,734,375.88946412352414,2.2057220708446867,0.0,255.0,604.0,136.86274509803923,-0.5419123926061955,0.03292586302699507,3.7999379602925796,Inelastic,Low
84884A,736,525.4682971014493,2.345108695652174,0.0,232.0,865.0,272.8448275862069,-0.5410989392618986,0.047248669065732884,3.8858770655149835,Inelastic,Low
21165,736,213.49110260210801,12.831521739130435,2.0,145.0,430.0,196.55172413793102,-0.5410169541422386,0.01314194606225172,4.3359725511365195,Inelastic,Low
21714,732,186.80956284153007,5.852459016393443,0.0,105.0,654.0,522.8571428571429,-0.540957462136289,0.02596502802184486,3.6597208557738767,Inelastic,Low
22745,441,249.22747363495662,9.231292517006803,2.0,185.0,421.0,127.56756756756758,-0.5409164538896081,0.007994363869142207,4.317004404909042,Inelastic,Low
48111,738,863.8598980513615,5.8102981029810294,1.0,458.0,1579.0,244.7598253275109,-0.5408329810450486,0.016462579619907047,4.516180983411577,Inelastic,Low
21110,724,814.060207840042,2.2610497237569063,0.0,195.0,1387.0,611.2820512820513,-0.5399493320721988,0.06263170092804693,4.047942940073946,Inelastic,Low
22067,736,219.46988224637678,2.558423913043478,0.0,39.0,343.0,779.4871794871794,-0.5398982677810895,0.03975673554634529,3.3645340748243755,Inelastic,Low
85040A,738,215.8720673635308,2.768292682926829,0.0,145.0,343.0,136.55172413793105,-0.5397544569520515,0.030327981100059853,3.545345574102151,Inelastic,Low
21069,624,166.03285256410257,7.153846153846154,0.0,80.0,257.0,221.25,-0.5374631853035496,0.024716364795825507,3.35320101385366,Inelastic,Low
84849B,596,202.5025167785235,3.307046979865772,0.0,145.0,343.0,136.55172413793105,-0.5372207979214159,0.020661671187580444,3.4595653428676476,Inelastic,Low
21123,736,133.33038949275362,3.777173913043478,0.0,83.0,251.0,202.40963855421685,-0.5342220950915121,0.013977562407649358,3.1504309752898774,Inelastic,Low
21912,738,472.5082320006101,5.13550135501355,1.0,262.0,778.0,196.94656488549617,-0.5338294590125924,0.01772056672733524,4.28392710003089,Inelastic,Low
22207,738,546.1854626403407,4.314363143631437,0.0,375.0,865.0,130.66666666666666,-0.5320165562608777,0.023218348368476693,4.033188011642609,Inelastic,Low
21905,733,186.88585720782172,2.212824010914052,0.0,79.0,421.0,432.9113924050633,-0.5310283988446897,0.0624556306959857,3.151720308581747,Inelastic,Low
22329,698,208.65769204529948,7.36676217765043,1.0,145.0,336.0,131.72413793103448,-0.5307339496081156,0.014194802845028165,3.8292507552316293,Inelastic,Low
22494,678,170.37659783677483,4.207964601769912,0.0,106.0,251.0,136.7924528301887,-0.5306916908501297,0.023764028505142476,3.4944238914964325,Inelastic,Low
22211,737,178.36544549977387,2.0719131614654,0.0,50.0,343.0,586.0,-0.5299394434532043,0.0635634664454886,3.1929796731907762,Inelastic,Low
22606,609,1710.9718117131908,1.7569786535303777,0.0,1170.5,3400.0,190.47415634344298,-0.5288704455142555,0.029545393229336026,4.416109385407629,Inelastic,Low
84879,738,194.3414955678167,110.51219512195122,56.0,143.16666666666666,2604.0,1718.8591385331783,-0.5265496952686879,0.005454521043666172,6.17710268528908,Inelastic,Low
21680,738,112.18450767841013,3.964769647696477,0.0,72.0,170.0,136.11111111111111,-0.5256233543483749,0.021552178207312034,3.0282132267526416,Inelastic,Low
22430,573,583.9012216404886,2.4554973821989527,0.0,318.0,1017.0,219.81132075471697,-0.5251660902853543,0.024982228211358426,3.9609632230058174,Inelastic,Low
48116,737,853.5705563093622,4.679782903663501,0.0,400.0,1579.0,294.75,-0.5251550194668005,0.02034377848050617,4.181144416735451,Inelastic,Low
22613,582,94.68341924398625,5.238831615120275,0.0,64.0,251.0,292.1875,-0.524760018884576,0.01001769681395226,3.0778333018416157,Inelastic,Low
21754,738,658.048482998483,10.560975609756097,7.0,545.0,1213.0,122.56880733944955,-0.5246462462633597,0.0051575822247933445,5.249908435021932,Inelastic,Low
21888,734,454.2626486252167,4.876021798365122,1.0,339.0,762.0,124.7787610619469,-0.5243052219287906,0.014246201853712726,4.191784122627345,Inelastic,Low
21922,606,930.159515951595,2.3894389438943895,0.0,662.0,1698.0,156.49546827794563,-0.5242828434089718,0.024377117392135772,4.177781866988753,Inelastic,Low
22725,441,471.1186318972033,5.841269841269841,2.0,339.0,847.0000000000001,149.8525073746313,-0.523845304208779,0.014717725470050569,4.407047599268665,Inelastic,Low
21987,738,73.26784101174346,8.715447154471544,0.0,53.0,166.0,213.20754716981133,-0.5219232482585716,0.010084249364003872,3.136192876155667,Inelastic,Low
20961,738,171.67242547425474,4.9742547425474255,0.0,106.0,257.0,142.45283018867926,-0.5190526187606062,0.019766142451237978,3.4339713795948783,Inelastic,Low
20829,737,240.0602668475803,6.568521031207599,0.0,169.0,421.0,149.11242603550298,-0.5188089616299439,0.010573007019369585,3.689500546929627,Inelastic,Low
22520,418,94.15462519936203,5.45933014354067,0.0,78.5,166.0,111.46496815286623,-0.5168163174752256,0.007280204740913621,3.3200828280934207,Inelastic,Low
22138,738,535.4550096771641,12.653116531165312,6.0,100.0,1102.0,1002.0,-0.5160480952471981,0.005339574209667575,4.954046982617403,Inelastic,Low
22028,738,50.326219512195124,8.649051490514905,0.0,36.0,85.0,136.11111111111111,-0.5144028087372505,0.008843131854243125,3.1491564621231993,Inelastic,Low
21327,737,206.0630871615946,2.66078697421981,0.0,83.0,343.0,313.2530120481928,-0.5141645865667177,0.026468897330099828,3.4134104193891117,Inelastic,Low
21107,734,381.70414396003633,3.3392370572207084,0.0,255.0,604.0,136.86274509803923,-0.5139342020582218,0.02842690388442548,3.5478664806870372,Inelastic,Low
85048,738,1005.1766206392223,3.720867208672087,0.0,695.0,1735.0000000000002,149.6402877697842,-0.5138616103539125,0.02214437712090722,4.1205457880175365,Inelastic,Low
22334,734,174.98297002724794,3.0490463215258856,0.0,145.0,336.0,131.72413793103448,-0.5132750110468807,0.008025106134974536,3.1837669515376,Inelastic,Low
21949,738,179.70946251129175,3.569105691056911,0.0,106.0,257.0,142.45283018867926,-0.5123209344285666,0.03461698333134278,3.066305470350595,Inelastic,Low
21875,738,172.74496386630534,9.238482384823849,0.0,98.33333333333331,343.0,248.81355932203397,-0.5113561329220324,0.027479314447410474,3.37963400904513,Inelastic,Low
22483,644,335.06469979296065,2.940993788819876,0.0,255.0,695.0,172.54901960784315,-0.511129117744852,0.015778658942889767,3.601794509092049,Inelastic,Low
85099C,738,235.1024985341102,41.80758807588076,18.0,165.0,506.0,206.66666666666669,-0.5076763273463424,0.004405401689120736,5.296441640585307,Inelastic,Low
22114,738,501.10337730246266,16.742547425474253,0.0,345.0,932.0,170.1449275362319,-0.5075685782708781,0.007931222294958684,4.4739072423391235,Inelastic,Low
85176,737,113.16123925825417,3.7530529172320217,0.0,64.0,170.0,165.625,-0.506331264959109,0.024024395437626245,2.93281742186021,Inelastic,Low
22419,581,60.0081222850586,12.142857142857142,0.0,36.0,85.0,136.11111111111111,-0.5051848886105096,0.009912585572051436,3.2200597296424007,Inelastic,Low
22845,420,796.8523809523809,2.3404761904761906,1.0,531.0,1272.0,139.54802259887003,-0.5050318719038939,0.029814867823857782,4.103813635271774,Inelastic,Low
20970,738,415.38274616079497,3.4444444444444446,0.0,339.0,778.0,129.4985250737463,-0.5043606216203169,0.010683420946916544,3.8374659258207418,Inelastic,Low
22969,383,171.83308985038747,39.344647519582246,14.0,125.0,329.0,163.2,-0.5035545674456129,0.005068625543119487,4.963836157630713,Inelastic,Low
22170,737,738.9530593784326,3.2523744911804613,0.0,533.0,1387.0,160.2251407129456,-0.5028079132288837,0.010685299303337614,4.116345885820714,Inelastic,Low
84535B,737,85.578697421981,3.675712347354138,0.0,42.0,152.0,261.9047619047619,-0.5025873015354465,0.027642270617502462,2.8421492858651414,Inelastic,Low
21876,738,188.44318621757645,7.737127371273712,0.0,42.0,343.0,716.6666666666667,-0.5009776047606351,0.02678692421771678,3.5860265916211924,Inelastic,Low
21658,618,521.397303128371,3.647249190938511,0.0,339.0,865.0,155.1622418879056,-0.4996310489832199,0.023543864734936304,3.9565929354456144,Inelastic,Low
20963,738,173.4619918699187,4.93360433604336,0.0,106.0,257.0,142.45283018867926,-0.4995968337907296,0.01724008693763157,3.346574756517782,Inelastic,Low
21215,734,89.83367393278839,6.125340599455041,0.0,42.0,213.0,407.1428571428571,-0.49932093504947533,0.03425139529829191,2.8710410241064266,Inelastic,Low
37448,737,181.08638625056534,6.259158751696065,0.0,125.0,343.0,174.4,-0.4970906872009763,0.012105032310940511,3.5282530608742,Inelastic,Low
85049C,738,133.94444444444446,4.073170731707317,0.0,115.5,257.0,122.5108225108225,-0.49552357022583693,0.005935407008490379,3.2820679993605393,Inelastic,Low
35971,734,182.1773387829246,2.7166212534059944,0.0,42.0,257.0,511.90476190476187,-0.49362278548598737,0.05339273926221466,2.9303045907768985,Inelastic,Low
84375,738,246.2926942186089,10.684281842818429,1.0,180.0,430.0,138.88888888888889,-0.4931116561933003,0.0073431513278851,3.964132066943532,Inelastic,Low
22508,637,444.61442774912166,4.580847723704866,1.0,339.0,762.0,124.7787610619469,-0.4924573333883778,0.01407768130405096,3.9600616563424014,Inelastic,Low
21880,735,83.60498866213152,3.3918367346938774,0.0,19.0,170.0,794.7368421052632,-0.4922813929921652,0.06767647516975772,2.702823595275172,Inelastic,Low
21326,738,80.40291650535553,24.48238482384824,0.0,55.00000000000001,170.0,209.0909090909091,-0.4912352344717073,0.007693902482828863,3.736042547938606,Inelastic,Low
20751,733,234.41018644838564,3.92087312414734,0.0,169.0,421.0,149.11242603550298,-0.49015240013272415,0.008623221764730737,3.4758077308360646,Inelastic,Low
21217,738,1177.2530627607864,3.9200542005420056,1.0,894.9999999999999,2123.0,137.20670391061452,-0.48957836689865886,0.015583976209914141,4.421386401300674,Inelastic,Low
22361,634,428.9080967402734,2.917981072555205,0.0,255.0,591.0,131.76470588235293,-0.4890912507730834,0.0272055858205138,3.650505246835786,Inelastic,Low
22098,735,143.9396501457726,3.9360544217687075,0.0,39.0,257.0,558.9743589743589,-0.4879267380237285,0.08433064945238544,2.895612260749343,Inelastic,Low
79066K,732,117.02322404371584,1.8907103825136613,0.0,64.0,170.0,165.625,-0.48719500453066333,0.03633371081792858,2.722074145083016,Inelastic,Low
22241,722,165.65976289407732,5.9930747922437675,0.0,70.0,251.0,258.5714285714286,-0.48461271320318783,0.014625904125950329,3.133741019682616,Inelastic,Low
20969,737,426.1788104929896,4.454545454545454,0.0,329.0,778.0,136.4741641337386,-0.4818702247826358,0.01173124265564962,3.748736039925106,Inelastic,Low
22171,738,983.6904245709123,4.304878048780488,1.0,588.0,1735.0000000000002,195.0680272108844,-0.4808122940997584,0.014054180145859796,4.105338929813623,Inelastic,Low
21058,737,100.49366802351877,3.271370420624152,0.0,72.0,166.0,130.55555555555557,-0.48035220424447966,0.014457951541858471,2.7763791873890367,Inelastic,Low
84050,700,213.76347412904553,14.954285714285714,1.0,125.0,421.0,236.79999999999998,-0.47983341558560033,0.014413264753946442,3.803504983892986,Inelastic,Low
84380,738,162.0979303781133,14.265582655826558,4.0,106.0,336.0,216.98113207547172,-0.4791641410904629,0.007878896655800882,4.078471782629832,Inelastic,Low
21389,731,101.81402188782491,3.131326949384405,0.0,78.5,166.0,111.46496815286623,-0.47899331085434205,0.014677333161012385,2.7511827284312815,Inelastic,Low
21872,737,155.61148801447308,6.9280868385345995,0.0,80.0,343.0,328.75,-0.47820236256497894,0.022704050814196908,2.9908604287822627,Inelastic,Low
22136,737,215.33638625056534,2.704206241519674,0.0,145.0,343.0,136.55172413793105,-0.47809468072072714,0.024578595390781444,3.0177156382516324,Inelastic,Low
22224,738,368.97075429087624,3.2506775067750677,0.0,255.0,604.0,136.86274509803923,-0.47275916972110554,0.017442602824975895,3.5052643108225032,Inelastic,Low
22798,413,366.23936354202704,5.924939467312349,0.0,255.0,591.0,131.76470588235293,-0.47265296099816567,0.011477152358426723,3.8155004241223045,Inelastic,Low
20665,738,386.9321364046974,1.8238482384823849,0.0,246.0,604.0,145.52845528455285,-0.46932488889938734,0.028739385793573824,3.3166734683553054,Inelastic,Low
21471,738,420.0958672086721,1.9132791327913279,0.0,295.0,778.0,163.72881355932202,-0.4692862014396727,0.020686393933156966,3.301956093336795,Inelastic,Low
22626,587,950.0840431572971,1.463373083475298,0.0,765.0,1698.0,121.9607843137255,-0.4667907551473471,0.019239845076300943,3.702106705723389,Inelastic,Low
22315,737,149.38805970149255,2.972862957937585,0.0,106.0,257.0,142.45283018867926,-0.4656910473945915,0.016002795521486868,2.8818891333280074,Inelastic,Low
22284,732,199.01356362217018,3.3688524590163933,0.0,100.0,336.0,236.0,-0.46536386626139503,0.015439759087264138,3.030034338783171,Inelastic,Low
22097,736,134.71297554347825,2.8260869565217392,0.0,39.0,257.0,558.9743589743589,-0.46531123959625637,0.10267882049550614,2.6239764877693643,Inelastic,Medium
22168,490,849.0285714285715,1.3673469387755102,0.0,765.0,1274.0,66.53594771241829,-0.46409918324761434,0.002001558197064268,3.6576715192247145,Inelastic,Low
85049D,666,133.8385135135135,3.521021021021021,0.0,120.25,257.0,113.72141372141371,-0.4637765965425992,0.006039916631274234,2.9878669356099037,Inelastic,Low
22081,738,217.97120596205963,2.1178861788617884,0.0,145.0,421.0,190.3448275862069,-0.4637116551711645,0.024265393753249875,3.0010939879149974,Inelastic,Low
21115,738,805.4242547425474,1.6802168021680217,0.0,195.0,1474.0,655.8974358974359,-0.46354262839047927,0.03151028270709744,3.5949995592420914,Inelastic,Low
22191,737,874.4280868385346,2.6865671641791047,0.0,765.0,1698.0,121.9607843137255,-0.46349396086083844,0.004531515915337736,3.838083792444261,Inelastic,Low
22712,560,52.26342261904761,13.167857142857143,1.0,36.0,85.0,136.11111111111111,-0.4623498145900401,0.006641654296373534,3.1797210868447117,Inelastic,Low
21439,737,155.7261420171868,3.1031207598371777,0.0,106.0,251.0,136.7924528301887,-0.46163670534537193,0.018395850136382008,2.797318960310834,Inelastic,Low
20658,664,171.05773092369478,2.4216867469879517,0.0,106.0,257.0,142.45283018867926,-0.4591501175122992,0.023224515340976137,2.9452195714808838,Inelastic,Low
22402,622,106.99839228295819,5.535369774919614,0.0,39.0,251.0,543.5897435897436,-0.45913378070330646,0.04216889214868891,2.7497953444875183,Inelastic,Low
21059,732,90.59836065573771,2.210382513661202,0.0,72.0,166.0,130.55555555555557,-0.45748385647166157,0.007744635070978223,2.540983448187995,Inelastic,Low
21947,738,177.0844625112918,2.289972899728997,0.0,115.5,257.0,122.5108225108225,-0.4572430768101331,0.028404893243354934,2.8215038052138457,Inelastic,Low
21890,738,366.2050135501355,4.791327913279133,0.0,198.0,604.0,205.05050505050505,-0.45686724566678605,0.011548371546561076,3.514429959764478,Inelastic,Low
85231G,680,102.30955882352941,2.198529411764706,0.0,72.0,170.0,136.11111111111111,-0.4568197590485942,0.018712732714811442,2.590834122583428,Inelastic,Low
22750,458,402.3350455585172,7.002183406113537,2.0,339.0,762.0,124.7787610619469,-0.45269294662136855,0.004129254625441781,3.9403562670940495,Inelastic,Low
21164,737,323.61058344640435,8.191316146540027,1.0,247.5,604.0,144.04040404040404,-0.4520284589115937,0.005150138225550327,3.7153369093031405,Inelastic,Low
21533,738,547.4956489009335,4.505420054200542,3.0,425.0,1039.0,144.47058823529412,-0.4519119654928454,0.008907243074561033,3.974312833694506,Inelastic,Low
21877,738,154.18057813911471,19.16260162601626,1.0,80.0,343.0,328.75,-0.45149383595814196,0.009662105703260204,3.654065913511637,Inelastic,Low
22115,737,348.7540705563094,3.9226594301221165,0.0,79.0,604.0,664.5569620253165,-0.45118501267798183,0.08213963508178068,3.307007542098653,Inelastic,Low
20750,738,799.0900858175248,5.071815718157182,2.0,635.0,1735.0000000000002,173.22834645669295,-0.45005062674124274,0.002928605212817681,4.132773164145211,Inelastic,Low
22199,738,532.030216802168,2.4796747967479673,0.0,125.0,865.0,592.0,-0.44825930791576846,0.02608644706653307,3.3345165016478253,Inelastic,Low
21467,738,412.779810298103,1.3929539295392954,0.0,125.0,778.0,522.4,-0.44715349824018813,0.02213250385537735,3.050027723993601,Inelastic,Low
22084,736,327.31401961187964,12.043478260869565,0.0,255.0,677.0,165.49019607843135,-0.44619451627907897,0.0043218332569675555,3.6998014147766867,Inelastic,Low
20754,719,244.7440260944433,7.114047287899861,2.0,169.0,421.0,149.11242603550298,-0.44600363153095907,0.0070606402722537265,3.610461458594985,Inelastic,Low
22309,737,354.902170963365,1.8168249660786975,0.0,210.0,517.0,146.19047619047618,-0.4452389441761547,0.03437001651814653,2.996813400801151,Inelastic,Low
21677,738,99.01924119241193,2.9471544715447155,0.0,72.0,170.0,136.11111111111111,-0.44361197790211526,0.011524192040620163,2.619305111278032,Inelastic,Low
85231B,737,108.05818311042191,2.8833107191316145,0.0,72.0,166.0,130.55555555555557,-0.44232794513703866,0.01623637087155272,2.6497083531713774,Inelastic,Low
22784,412,561.1887135922331,3.8300970873786406,1.0,425.0,1102.0,159.29411764705884,-0.44222607484189147,0.01122576564558897,3.727754258886022,Inelastic,Low
22113,738,423.87126642929485,8.151761517615176,0.0,339.0,828.9999999999999,144.5427728613569,-0.4371111177976981,0.0032112321247532716,3.5835103202466416,Inelastic,Low
22841,421,860.1626286619161,1.7885985748218527,0.0,631.0,1613.0,155.62599049128366,-0.43677725980620496,0.012726018043513476,3.545348932765523,Inelastic,Low
22839,420,1892.6649206349207,1.3666666666666667,0.0,998.0,2979.0,198.49699398797597,-0.43603303195431503,0.03791068357466232,3.769434412032556,Inelastic,Low
84912A,658,399.5164640324214,1.6580547112462005,0.0,200.0,778.0,289.0,-0.4354990029702377,0.02953500530335884,2.924375160169857,Inelastic,Low
22273,738,326.73041858773564,10.021680216802167,1.0,246.0,604.0,145.52845528455285,-0.4330545951237807,0.00519481032994229,3.6201953014449684,Inelastic,Low
22426,609,485.2104542966611,2.2101806239737276,0.0,295.0,847.0000000000001,187.11864406779665,-0.4316642306810926,0.02502181318483243,3.267015053451116,Inelastic,Low
21154,738,177.11958639824493,11.01490514905149,2.0,106.0,389.5,267.45283018867923,-0.4310256996276807,0.011350602468669146,3.625705660473095,Inelastic,Low
22197,738,101.7950770108171,118.99864498644986,27.5,72.0,195.0,170.83333333333331,-0.43055224938377823,0.001890159235932276,5.018114294237378,Inelastic,Low
21446,735,158.27278911564625,1.7129251700680272,0.0,106.0,257.0,142.45283018867926,-0.42730346875479525,0.02443281500871408,2.5525194829810123,Inelastic,Low
21163,695,152.505035971223,3.8791366906474822,0.0,38.0,343.0,802.6315789473686,-0.4251474609121057,0.0723851182927876,2.5370230749808167,Inelastic,Low
22091,738,135.70801716350496,4.322493224932249,0.0,39.0,257.0,558.9743589743589,-0.4238366275453018,0.05915582947800646,2.5989525864253458,Inelastic,Low
21158,737,137.33457711442787,3.5020352781546813,0.0,38.0,336.0,784.2105263157895,-0.4231736997981174,0.06554836555409915,2.545727720756938,Inelastic,Low
22748,441,242.4277686158638,9.62358276643991,2.0,185.0,506.0,173.51351351351352,-0.42311276405823195,0.004745638291398513,3.707688015909436,Inelastic,Low
22424,572,1561.8485576923076,2.7202797202797204,1.0,1095.0,2549.0,132.78538812785388,-0.4228086074624272,0.01748424472893395,3.983272980636576,Inelastic,Low
21948,736,187.8998188405797,3.1345108695652173,0.0,106.0,257.0,142.45283018867926,-0.41854724573280283,0.028254942665053906,2.5914959090756886,Inelastic,Low
85199L,737,80.09644957033017,4.728629579375848,0.0,53.0,130.0,145.2830188679245,-0.4170733875021228,0.01013941099720328,2.4311187482851997,Inelastic,Low
82567,738,228.38369467028005,1.6612466124661247,0.0,163.0,430.0,163.8036809815951,-0.4155401175804347,0.02140538307652684,2.8244437414032424,Inelastic,Low
22057,735,201.37306122448982,4.09795918367347,0.0,39.0,343.0,779.4871794871794,-0.4153171685196803,0.02429956438931269,2.6843811082053426,Inelastic,Low
21672,738,155.7978884372177,15.130081300813009,4.0,105.0,447.5,326.1904761904762,-0.4150219267831547,0.005813659216170164,3.7014642963086937,Inelastic,Low
22507,638,593.6393603522914,8.923197492163009,2.0,386.0,1102.0,185.49222797927462,-0.4128968330964738,0.008900415304674114,3.841645345261835,Inelastic,Low
21577,737,274.78476556610883,3.5128900949796473,0.0,163.0,517.0,217.17791411042944,-0.4103052378151,0.016078731911384425,3.0074668854499027,Inelastic,Low
84912B,734,379.80313351498637,1.55858310626703,0.0,200.0,778.0,289.0,-0.4056135172281922,0.02144123051304625,2.718488427295027,Inelastic,Low
22445,631,350.62197569994714,2.0665610142630744,0.0,246.0,591.0,140.2439024390244,-0.4052644769419307,0.013949755571559863,2.897118468529209,Inelastic,Low
22371,665,543.8865735767993,2.78796992481203,1.0,375.0,1272.0,239.2,-0.40358868143038384,0.012626803490576655,3.350406392401335,Inelastic,Low
22676,479,156.27473903966597,3.826722338204593,0.0,122.0,251.0,105.73770491803278,-0.4001782579648287,0.010314225273553523,2.777095922628047,Inelastic,Low
22840,421,818.1845605700712,3.0498812351543942,0.0,631.0,1613.0,155.62599049128366,-0.4000248084716228,0.0038086450742614852,3.4603272102613523,Inelastic,Low
21832,738,220.99314105045815,4.64769647696477,0.0,145.0,343.0,136.55172413793105,-0.399960737505968,0.012170044577980765,2.8591209220572535,Inelastic,Low
84078A,736,4668.233831521739,1.5326086956521738,0.0,3495.0000000000005,7822.0,123.80543633762515,-0.3993570839722832,0.020255200125464334,3.7767409861332446,Inelastic,Low
21259,738,690.132078332688,3.2439024390243905,1.0,495.0,1300.0,162.62626262626264,-0.3986238765187592,0.011229312546166215,3.394985933838898,Inelastic,Low
15044D,734,354.43914623069935,2.173024523160763,0.0,255.0,604.0,136.86274509803923,-0.39460500745208965,0.017044039649857234,2.7221919128673155,Inelastic,Low
22099,737,144.5790366350068,2.9023066485753053,0.0,39.0,257.0,558.9743589743589,-0.3930209221174624,0.06609064162011802,2.3733548899259653,Inelastic,Low
22561,624,173.88290216727717,18.84294871794872,10.0,145.0,395.0,172.41379310344826,-0.3925136383639307,0.0013765016074208658,3.88604358173722,Inelastic,Low
72349B,738,295.223125564589,2.521680216802168,0.0,169.0,430.0,154.4378698224852,-0.39133554474808546,0.021610341631667085,2.7364938460446613,Inelastic,Low
21329,738,214.04043586269196,2.8658536585365852,0.0,83.0,343.0,313.2530120481928,-0.3905930467294058,0.016148205101088386,2.799822348378224,Inelastic,Low
22360,725,371.3452216748768,3.4717241379310346,0.0,255.0,591.0,131.76470588235293,-0.38913759757104904,0.012477498257056463,2.945819719528984,Inelastic,Low
21624,737,672.455223880597,2.417910447761194,0.0,495.0,1213.0,145.05050505050505,-0.38687235022967253,0.011858516253211437,3.038530538754525,Inelastic,Low
22175,737,347.1540027137042,2.4938941655359566,0.0,198.0,604.0,205.05050505050505,-0.38511656557462826,0.01268698349585351,2.804528891901026,Inelastic,Low
21162,738,151.2014453477868,3.2235772357723578,0.0,38.0,343.0,802.6315789473686,-0.38457984036912096,0.06838954838001887,2.3364304454409126,Inelastic,Low
21356,738,155.5973351400181,2.1775067750677506,0.0,83.0,257.0,209.63855421686745,-0.384195924748206,0.02355325680213427,2.4587109061268833,Inelastic,Low
20702,692,432.82369942196533,1.1445086705202312,0.0,375.0,847.0000000000001,125.8666666666667,-0.3839846676367751,0.003544825262766671,2.7196104039024123,Inelastic,Low
22557,624,180.17908162439412,16.979166666666668,5.0,145.0,421.0,190.3448275862069,-0.3837274690817952,0.002065289852116736,3.773755152660053,Inelastic,Low
22625,584,970.650493313764,4.652397260273973,2.0,718.3333333333334,1698.0,136.38051044083525,-0.38357531068091033,0.006730549684238585,3.76224632546359,Inelastic,Low
35004C,461,755.6827910339841,6.704989154013015,0.0,465.00000000000006,1300.0,179.56989247311824,-0.3828906422584088,0.013843592094354706,3.4148464398404577,Inelastic,Low
22085,738,315.486901535682,3.4471544715447155,0.0,246.0,677.0,175.2032520325203,-0.37912735866277425,0.006771053800978977,2.6108353922528886,Inelastic,Low
22072,738,440.2098012646793,3.3048780487804876,0.0,125.0,778.0,522.4,-0.37866775679921116,0.010789143074354413,3.060603665482892,Inelastic,Low
22278,737,725.2550203527815,1.4396200814111262,0.0,413.0,1102.0,166.82808716707024,-0.3782059817743668,0.033957468457723405,2.943504752353868,Inelastic,Low
22586,639,98.71345852895149,3.3176838810641627,0.0,80.66666666666667,166.0,105.78512396694212,-0.3774155843046349,0.007442478536677677,2.349623036254209,Inelastic,Low
22587,638,99.36935736677117,3.377742946708464,0.0,72.0,166.0,130.55555555555557,-0.37718404700002717,0.007144018849415845,2.3589631770753967,Inelastic,Low
85038,738,249.1600045167118,3.8089430894308944,0.0,169.0,430.0,154.4378698224852,-0.3758927689576445,0.008973622924536961,2.6770042242220238,Inelastic,Low
21257,738,1062.832475158085,2.140921409214092,0.0,695.0,1648.0,137.12230215827338,-0.3757549159118875,0.020054963792820457,3.2166092850175785,Inelastic,Low
21642,738,85.81504065040649,5.983739837398374,0.0,29.0,170.0,486.2068965517241,-0.3748869949313578,0.026908074012670702,2.2371261333643604,Inelastic,Low
75049L,735,148.71510204081633,18.997278911564624,0.0,85.0,251.0,195.2941176470588,-0.37461855977043357,0.009708932840059692,2.73921510296743,Inelastic,Low
21982,732,42.75750065053344,44.21994535519126,0.0,20.0,85.0,325.0,-0.3731972627329963,0.007299610184377747,2.8677746642583015,Inelastic,Low
22165,738,1328.7990514905148,1.3252032520325203,0.0,395.0,2604.0,559.2405063291139,-0.37256070474160446,0.0474155501884409,2.9752657764522294,Inelastic,Low
21186,378,196.82720458553788,13.941798941798941,0.5,145.0,343.0,136.55172413793105,-0.37149927765174673,0.0040521925364024325,3.3074655259788566,Inelastic,Low
22078,737,247.26689280868388,5.434192672998643,0.0,185.0,481.0,160.0,-0.37139601504339304,0.0066916826158037734,2.9037851161406816,Inelastic,Low
22485,644,1509.3276397515529,1.703416149068323,0.0,1095.0,2549.0,132.78538812785388,-0.3690240020478542,0.016532236591815574,3.293336074858912,Inelastic,Low
85049E,738,167.59765130984644,8.0,1.0,115.5,336.0,190.9090909090909,-0.36827820706115005,0.009367905312988811,3.0270337236720763,Inelastic,Low
22203,737,478.96789914066034,1.9077340569877883,0.0,125.0,778.0,522.4,-0.36811284904203057,0.019979076448588096,2.7766885039677534,Inelastic,Low
21983,737,39.35232926277702,8.507462686567164,0.0,20.0,85.0,325.0,-0.3647711931652808,0.010081474702676951,2.1958680088558142,Inelastic,Low
85174,738,666.6193315266486,2.059620596205962,0.0,195.0,1126.0,477.4358974358974,-0.36353928408199976,0.02457476868031916,2.8469337967548807,Inelastic,Low
21668,738,160.25758807588076,14.077235772357724,4.0,106.0,336.0,216.98113207547172,-0.36328530345105425,0.004714548352705683,3.4342828362312834,Inelastic,Low
22088,582,346.85261101003977,7.570446735395189,1.0,247.5,677.0,173.53535353535355,-0.3622768549127912,0.0043383957957406905,3.316137374758174,Inelastic,Low
84509A,738,499.83581752484196,1.9471544715447155,0.0,295.0,778.0,163.72881355932202,-0.36093854119572477,0.021075281717296113,2.835641289002778,Inelastic,Low
22427,563,654.8349884277949,5.730017761989343,2.0,545.0,1187.0,117.79816513761467,-0.3598887485448278,0.003452120488197874,3.46898107401456,Inelastic,Low
72807C,724,564.6065837937384,2.5400552486187844,0.0,381.0,865.0,127.03412073490814,-0.3582002660172859,0.01596649953055851,2.7995912639812013,Inelastic,Low
22200,738,568.4258355916893,1.7791327913279134,0.0,125.0,865.0,592.0,-0.3578322711229234,0.021052472216832707,2.7153994522756113,Inelastic,Low
21894,736,174.11345108695653,1.8247282608695652,0.0,106.0,257.0,142.45283018867926,-0.35482142380621107,0.01912404751243746,2.2338709316671315,Inelastic,Low
21527,530,875.2533827493262,6.341509433962264,2.0,590.5,1735.0000000000002,193.8187976291279,-0.3537715069078183,0.0038381311658622908,3.5660997643034578,Inelastic,Low
22767,424,1024.535966981132,2.4033018867924527,0.0,672.0,2038.0,203.27380952380955,-0.35361926996035903,0.003351548935030868,3.133727849708385,Inelastic,Low
20967,694,412.69452449567723,1.6397694524495676,0.0,338.6666666666667,778.0,129.7244094488189,-0.35300399519201653,0.00864391717585078,2.5544143442126077,Inelastic,Low
22364,633,389.56134807793575,3.2480252764612954,0.0,255.0,591.0,131.76470588235293,-0.35050799180222925,0.015152843312375652,2.6316849076938755,Inelastic,Low
85227,738,106.46300813008129,4.738482384823849,0.0,64.0,170.0,165.625,-0.34948387307236545,0.00699557673350526,2.38282818132787,Inelastic,Low
84913A,698,425.262893982808,0.8997134670487106,0.0,329.0,952.0,189.36170212765958,-0.3489178293475234,0.03280608936123053,2.445539095147722,Inelastic,Low
84031A,738,480.32944896115623,1.5284552845528456,0.0,125.0,1663.0,1230.4,-0.3484349212556235,0.012113672222041072,2.5232788507211352,Inelastic,Low
22649,570,570.033216374269,4.0473684210526315,0.0,425.0,1102.0,159.29411764705884,-0.3475178269637971,0.006190679638360175,3.076020046895823,Inelastic,Low
21557,738,422.96156278229444,1.2899728997289972,0.0,246.0,604.0,145.52845528455285,-0.3461343264651442,0.026123658716185494,2.480662364651587,Inelastic,Low
79321,738,627.1646838106187,22.696476964769648,4.0,411.5,1246.0,202.7946537059538,-0.3457220802835308,0.003356955034418352,3.8595889604982134,Inelastic,Low
21669,738,154.93408826945412,14.455284552845528,3.0,106.0,336.0,216.98113207547172,-0.3456984311515463,0.0038883310041879504,3.2899293268922962,Inelastic,Low
20886,706,238.64376770538243,2.5297450424929178,0.0,165.0,430.0,160.6060606060606,-0.3444237153482778,0.011906374683085863,2.443174972090996,Inelastic,Low
21114,733,200.4512278308322,7.807639836289223,0.0,106.0,1102.0,939.622641509434,-0.34239730650737027,0.020278332467857707,2.840046464405905,Inelastic,Low
22176,698,337.18672397325696,1.7106017191977076,0.0,255.0,604.0,136.86274509803923,-0.3405873490437666,0.010224736270909585,2.42839902378306,Inelastic,Low
22362,634,402.18822292323875,1.2018927444794953,0.0,275.0,591.0,114.90909090909092,-0.3395836149767547,0.025728347302640064,2.3969481305476354,Inelastic,Low
22327,698,385.6904011461318,4.425501432664756,1.0,255.0,677.0,165.49019607843135,-0.33859336553934555,0.009773608519324406,2.966484096132408,Inelastic,Low
22619,581,439.2040918777149,7.115318416523236,2.0,339.0,762.0,124.7787610619469,-0.3375603449824443,0.004048380634492643,3.239922010621089,Inelastic,Low
21865,737,282.2735187697874,1.2211668928086838,0.0,83.0,458.0,451.8072289156627,-0.33615746496998783,0.03150666343044539,2.296536389171919,Inelastic,Low
22631,635,245.54046119235096,9.925984251968504,1.0,165.0,575.0,248.4848484848485,-0.3352554461293145,0.004160091925063503,3.0526564120025066,Inelastic,Low
79067,385,486.01316017316014,4.298701298701299,1.0,295.0,865.0,193.22033898305085,-0.3341632123391035,0.00937838628563381,3.020011695443342,Inelastic,Low
21833,738,194.22524841915086,8.882113821138212,0.0,145.0,343.0,136.55172413793105,-0.33379302500359626,0.0029985257623715844,2.722303152130415,Inelastic,Low
21383,730,98.56164383561644,3.036986301369863,0.0,55.00000000000001,170.0,209.0909090909091,-0.33327941077076345,0.016056498375610184,2.0263477951326534,Inelastic,Low
22449,617,353.64959481361427,2.218800648298217,0.0,246.0,677.0,175.2032520325203,-0.33315299659448266,0.005682770299978657,2.510032270219514,Inelastic,Low
21159,738,150.05273261065943,2.8360433604336044,0.0,38.0,343.0,802.6315789473686,-0.3326675419213088,0.05722187816601476,2.03510916715802,Inelastic,Low
21428,735,508.5584580498866,3.979591836734694,0.0,375.0,865.0,130.66666666666666,-0.3320235876721896,0.008735254615540367,2.7205530354601977,Inelastic,Low
21472,591,453.5146644106034,1.8003384094754653,0.0,295.0,778.0,163.72881355932202,-0.33175292291212677,0.01236100301533749,2.5086706937103473,Inelastic,Low
21260,737,380.844776119403,4.852103120759837,0.0,275.0,691.0,151.27272727272728,-0.3310236220292895,0.005851545192716245,2.7406513300969513,Inelastic,Low
22354,734,425.51634877384197,3.053133514986376,0.0,339.0,778.0,129.4985250737463,-0.3285143101734907,0.006302369635665661,2.5601795076739617,Inelastic,Low
22244,658,253.6992835432045,7.241641337386018,0.0,165.0,430.0,160.6060606060606,-0.3262353296490696,0.00680757962556644,2.6398149347562887,Inelastic,Low
21042,737,688.3412030755314,2.027137042062415,0.0,465.00000000000006,1300.0,179.56989247311824,-0.3247106853756391,0.009834832191285448,2.6566811133059045,Inelastic,Low
21913,737,447.67933061962907,1.5658073270013568,0.0,329.0,778.0,136.4741641337386,-0.32445461195515696,0.014798056972658569,2.4008003089000893,Inelastic,Low
22277,738,252.78681120144535,1.951219512195122,0.0,163.0,430.0,163.8036809815951,-0.32385407175768355,0.01358428767610842,2.191588706827621,Inelastic,Low
22342,737,210.19355495251017,2.4599728629579376,0.0,75.0,343.0,357.3333333333333,-0.32375945255914607,0.02993314627875865,2.179392462703866,Inelastic,Low
21135,736,236.9370471014493,8.192934782608695,0.0,83.0,2549.0,2971.0843373493976,-0.3232457126373224,0.012852835315887212,2.7171104765070675,Inelastic,Low
21470,737,424.00949796472185,1.5156037991858888,0.0,295.0,778.0,163.72881355932202,-0.32083896806933343,0.009468426398615337,2.4046715448357974,Inelastic,Low
84279P,725,471.99678160919535,1.5820689655172413,0.0,339.0,865.0,155.1622418879056,-0.3205495953686373,0.018601959424860426,2.4083789470581403,Inelastic,Low
21211,726,167.74070247933884,3.315426997245179,0.0,125.0,383.0,206.4,-0.32011497333165867,0.008348122542746084,2.0740217446323803,Inelastic,Low
22635,566,1020.6382803297996,2.978798586572438,0.0,850.0,2038.0,139.76470588235296,-0.31931625314099427,0.002141805134635355,2.97606199835333,Inelastic,Low
22475,643,647.2050285121826,1.1866251944012443,0.0,195.0,1102.0,465.12820512820514,-0.3180053529848451,0.02909031940485396,2.4019254101173937,Inelastic,Low
21534,736,548.8430706521739,1.2717391304347827,0.0,413.0,1039.0,151.57384987893462,-0.3179432630621731,0.010200763121086087,2.4660340818462068,Inelastic,Low
21206,720,183.83680555555554,3.0055555555555555,0.0,65.0,336.0,416.92307692307696,-0.31670827467427826,0.008640845424030541,2.1563573710329473,Inelastic,Low
35004B,738,690.9762872628726,2.0284552845528454,0.0,195.0,1300.0,566.6666666666667,-0.31491532033027103,0.02480473531427918,2.4681173146398723,Inelastic,Low
20716,575,147.27913043478262,2.667826086956522,0.0,83.0,257.0,209.63855421686745,-0.31471670394741297,0.009846000192644588,2.152022783326302,Inelastic,Low
22285,729,188.0251028806584,3.711934156378601,0.0,100.0,343.0,243.00000000000003,-0.3143860551356095,0.005447674841162153,2.1721010394686084,Inelastic,Low
22583,638,296.9508881922675,2.956112852664577,0.0,210.0,506.0,140.95238095238096,-0.31274915235648404,0.005741656324480426,2.4049650091793984,Inelastic,Low
22311,735,464.9119274376418,2.7224489795918365,0.0,255.0,865.0,239.2156862745098,-0.3118713358505978,0.018576572755700793,2.333174396559646,Inelastic,Low
22068,738,236.116982836495,1.5013550135501355,0.0,39.0,421.0,979.4871794871796,-0.31042260004307926,0.02479315358852896,2.0746258561013513,Inelastic,Low
84032A,738,330.1216081644944,4.616531165311653,0.0,141.5,604.0,326.8551236749117,-0.30908684877136383,0.003147565992441148,2.5433891310311685,Inelastic,Low
22375,662,581.0151057401813,0.9154078549848943,0.0,395.0,1272.0,222.02531645569618,-0.3090849374988912,0.024022181749517868,2.3308908670589092,Inelastic,Low
20668,737,16.91933514246947,29.474898236092265,0.0,10.0,43.0,330.0,-0.3090299166065316,0.005323557474031793,1.8975341016305303,Inelastic,Low
22276,737,307.8401402080507,2.639077340569878,0.0,210.0,604.0,187.61904761904762,-0.3084987192528059,0.00935351063863965,2.3179642885936818,Inelastic,Low
22781,417,945.1563149480417,2.1270983213429258,0.0,675.0,1528.0,126.37037037037038,-0.3065670831387038,0.010841860890770105,2.7548175586682433,Inelastic,Low
21528,738,778.6463414634146,1.2235772357723578,0.0,547.5,1387.0,153.33333333333334,-0.30595838426330224,0.013084844639570714,2.379805036817577,Inelastic,Low
22283,737,978.0315468113976,1.4111261872455902,0.0,690.0,1648.0,138.8405797101449,-0.30539702512484723,0.015540800468894944,2.567843989397205,Inelastic,Low
20752,726,238.56703397612492,2.081267217630854,0.0,85.0,421.0,395.29411764705884,-0.3053397075100436,0.007360781558585883,2.1575671920678507,Inelastic,Low
72760B,738,1112.285953026197,2.3197831978319785,0.0,849.0,2170.0,155.59481743227326,-0.30390344360770233,0.007487856252561542,2.7252510236150584,Inelastic,Low
15034,737,35.76187245590231,13.814111261872457,0.0,7.000000000000001,85.0,1114.285714285714,-0.30260757909099856,0.02865158986773486,1.7610845820349126,Inelastic,Low
22550,623,426.55834670947024,3.337078651685393,0.0,262.0,762.0,190.83969465648855,-0.30257869806662874,0.00491808599352217,2.56130475853318,Inelastic,Low
21906,733,846.8137789904503,2.472032742155525,0.0,595.0,1357.0,128.0672268907563,-0.2991485870232594,0.010776673499417244,2.540780906895815,Inelastic,Low
21781,586,1686.8013367463027,1.1262798634812288,0.0,1275.0,3039.0,138.35294117647058,-0.29893516869269915,0.010647135326805612,2.6828182861819863,Inelastic,Low
22120,734,1125.5093097184376,1.396457765667575,0.0,850.0,2083.0,145.05882352941177,-0.2988019161697131,0.00881716361571172,2.5778650148231597,Inelastic,Low
22523,623,91.60863334097684,3.50561797752809,0.0,78.5,166.0,111.46496815286623,-0.2977422533792582,0.002544677376325244,1.995888509122885,Inelastic,Low
22314,737,443.389907604833,1.5440976933514248,0.0,125.0,865.0,592.0,-0.2929460337722821,0.016382611500857958,2.158683048060325,Inelastic,Low
82483,737,647.533218517898,6.879240162822253,2.0,495.0,1413.0,185.45454545454544,-0.2917070965206755,0.0014796537553362077,3.1659943800128074,Inelastic,Low
47580,736,314.8815670289855,2.2989130434782608,0.0,210.0,591.0,181.42857142857142,-0.28780076062986215,0.009487147934125528,2.189735174052828,Inelastic,Low
21967,738,39.38446251129177,21.540650406504064,0.0,25.0,85.0,240.0,-0.286876199941756,0.004786197615711862,2.135279484554699,Inelastic,Low
22489,647,49.54860896445131,27.853168469860897,4.0,36.0,125.0,247.22222222222223,-0.2863743500102763,0.001410548215200924,2.9499678051833813,Inelastic,Low
22274,737,321.08224785165083,5.17910447761194,0.0,192.0,604.0,214.58333333333334,-0.28516751330496226,0.0023385302648083472,2.56492987864361,Inelastic,Low
79000,650,126.69328205128205,18.71076923076923,0.0,65.0,517.0,695.3846153846154,-0.2845081575602507,0.006932497221756928,2.6546604405234726,Inelastic,Low
22522,623,90.0607544141252,3.592295345104334,0.0,72.0,166.0,130.55555555555557,-0.2839953574541491,0.0018125516211064951,1.9247637654564609,Inelastic,Low
22441,626,238.11208732694354,4.338658146964856,0.0,185.0,421.0,127.56756756756758,-0.2838133008125325,0.0028895665838765128,2.4178204279480333,Inelastic,Low
21864,738,281.057362240289,2.6531165311653115,0.0,163.0,495.0,203.680981595092,-0.28377723189766957,0.009540465027946143,2.1785843197236865,Inelastic,Low
22095,737,154.65352781546812,4.568521031207599,0.0,39.0,257.0,558.9743589743589,-0.28348034249648707,0.030814946255983466,1.8310705043896631,Inelastic,Low
22498,674,685.2589762611276,1.6839762611275964,0.0,495.0,1272.0,156.96969696969697,-0.2788298063723442,0.007683157418700848,2.3449448127608186,Inelastic,Low
22566,639,95.5923317683881,4.514866979655712,0.0,78.5,166.0,111.46496815286623,-0.27881986611381837,0.003160284882464004,1.929576137070696,Inelastic,Low
85066,738,1399.5847819073429,4.2317073170731705,2.0,1095.0,2549.0,132.78538812785388,-0.27286447100072664,0.002760271516864865,2.988797294402952,Inelastic,Low
84950,737,114.4421076436002,10.736770691994572,0.0,55.00000000000001,1039.0,1789.0909090909088,-0.2717828128032392,0.01160867018783418,2.03923973054809,Inelastic,Low
40016,659,203.5593070308548,23.55690440060698,0.0,25.0,865.0,3360.0,-0.2712023228899324,0.039437064758493956,2.119130537972623,Inelastic,Low
22588,510,312.2726867413632,5.701960784313726,0.0,210.0,579.0,175.71428571428572,-0.27003256430047695,0.0032692494122704696,2.4947867800142323,Inelastic,Low
21622,736,587.9457459886128,5.063858695652174,0.0,85.0,1387.0,1531.764705882353,-0.26885152801600853,0.005085101620732502,2.5513772037181863,Inelastic,Low
22466,644,231.2814182194617,9.104037267080745,0.0,165.0,421.0,155.15151515151516,-0.2683852505373097,0.003085482178604826,2.3838540092450082,Inelastic,Low
20971,738,138.75740256807327,30.59349593495935,10.0,106.0,257.0,142.45283018867926,-0.26689524872189035,0.0009128528589872342,3.185911749820403,Inelastic,Low
21408,737,592.6157394843963,0.9674355495251018,0.0,195.0,865.0,343.5897435897436,-0.26541742880930047,0.02071863616260361,1.9863681299606353,Inelastic,Low
22476,642,668.9232087227415,2.0996884735202492,0.0,195.0,1102.0,465.12820512820514,-0.26458707503216333,0.018908193570439713,2.1050489090979916,Inelastic,Low
21407,721,530.8530116901129,1.8210818307905687,0.0,300.0,865.0,188.33333333333334,-0.26406321845933023,0.008903626264838316,2.212918273198476,Inelastic,Low
21063,735,93.41700680272109,2.0285714285714285,0.0,72.0,170.0,136.11111111111111,-0.26099848147845117,0.0037806995397536847,1.6458936709811451,Inelastic,Low
21896,735,243.18231292517007,3.25578231292517,0.0,138.0,430.0,211.59420289855072,-0.2601959800502513,0.00528605752700817,1.9197875672944067,Inelastic,Low
22963,504,101.79441137566137,7.791666666666667,0.0,72.0,166.0,130.55555555555557,-0.25873790856672535,0.0024489020152328456,2.082122582192948,Inelastic,Low
22167,738,1126.1980578139116,0.9417344173441734,0.0,395.0,2083.0,427.3417721518987,-0.258116349914057,0.019130823026849986,2.1429004502723714,Inelastic,Low
84849D,686,186.23129251700678,2.2886297376093294,0.0,145.0,336.0,131.72413793103448,-0.25642216538123525,0.0036105062147278044,1.8208155606497707,Inelastic,Low
21892,738,152.56339205058717,10.775067750677508,1.0,106.0,257.0,142.45283018867926,-0.25600125034170307,0.002008093456459248,2.5789837448183937,Inelastic,Low
21494,738,268.0682410633631,5.2953929539295395,0.0,106.0,591.0,457.54716981132077,-0.25401188260842433,0.01408490213923197,2.148853100855937,Inelastic,Low
21466,737,399.0540479421076,1.2700135685210312,0.0,295.0,778.0,163.72881355932202,-0.25358364000057887,0.004233150826297383,1.9257035632030246,Inelastic,Low
22768,425,1052.092549019608,2.7788235294117647,1.0,779.6666666666666,2038.0,161.3937580162463,-0.24939523158571844,0.0023830062984839806,2.489920872629073,Inelastic,Low
47591B,737,176.4922659430122,1.4070556309362279,0.0,133.0,430.0,223.30827067669173,-0.2476298215063633,0.0046947808006861935,1.6549991828065491,Inelastic,Low
22468,640,783.4852269345238,2.775,0.0,495.5,1357.0,173.86478304742684,-0.24729179766308285,0.00461266230658175,2.2713645873426707,Inelastic,Low
22425,571,557.0643607705779,1.479859894921191,0.0,425.0,1017.0,139.2941176470588,-0.24718046604688934,0.005462103171865018,2.0640903092967786,Inelastic,Low
84559A,738,113.34281842818429,1.7100271002710028,0.0,79.0,173.0,118.9873417721519,-0.24512860039083526,0.009092441160740816,1.572777297988792,Inelastic,Low
22497,673,521.8811292719167,1.4041604754829122,0.0,375.0,847.0000000000001,125.8666666666667,-0.2447065718317036,0.008557733219696106,1.9606266276331032,Inelastic,Low
22993,296,147.60462113899612,42.63513513513514,28.0,106.0,246.0,132.0754716981132,-0.24434721939703238,0.0009537755222395194,4.110431296939349,Inelastic,Low
72800E,738,253.6690379403794,1.9254742547425474,0.0,79.0,506.0,540.506329113924,-0.2429940009649855,0.012542006356810909,1.7734032891489115,Inelastic,Low
22066,732,126.22978142076502,4.687158469945355,0.0,39.0,343.0,779.4871794871794,-0.24282383637476612,0.023941654657946287,1.7330120862954197,Inelastic,Low
22467,645,277.8001181247693,18.92248062015504,4.0,210.0,506.0,140.95238095238096,-0.24244697051858788,0.0007466243903440084,3.03797862844994,Inelastic,Low
22121,738,685.3854475846344,2.0704607046070462,0.0,545.0,1187.0,117.79816513761467,-0.2412439352903576,0.004931782132920226,2.0122462309938935,Inelastic,Low
22130,737,260.9547877495639,13.449118046132972,0.0,72.0,865.0,1101.388888888889,-0.24008756809024442,0.022255951712171984,2.0562521801440132,Inelastic,Low
15060B,717,547.533736246707,1.99860529986053,0.0,295.0,865.0,193.22033898305085,-0.2395491247310009,0.010503459264273651,2.1101329230860486,Inelastic,Low
47566B,733,557.0838887806145,7.34924965893588,1.0,375.0,1079.0,187.73333333333332,-0.23823321834156505,0.0025159870399892315,2.561277964229696,Inelastic,Low
37495,734,407.54473206176203,2.147138964577657,0.0,295.0,778.0,163.72881355932202,-0.23774860650468527,0.003018801246652214,1.979597128756362,Inelastic,Low
20681,464,377.02128489326765,2.9956896551724137,0.0,275.0,691.0,151.27272727272728,-0.23685175238330314,0.0035736049564334404,2.1620636975073606,Inelastic,Low
21625,736,822.6234148550724,1.3668478260869565,0.0,413.0,1474.0,256.9007263922518,-0.2353581231319329,0.01017106427130754,2.0163586255492456,Inelastic,Low
85040B,495,175.93602693602693,4.983838383838384,0.0,145.0,343.0,136.55172413793105,-0.23523062146369617,0.0016087429986663127,1.8959962230256038,Inelastic,Low
21137,738,394.8898261065944,26.769647696476966,0.0,339.0,778.0,129.4985250737463,-0.23362673627932512,0.0006558586176544923,2.7963356618389286,Inelastic,Low
21730,736,554.6058488612836,1.71875,0.0,425.0,1039.0,144.47058823529412,-0.2277027572596875,0.004415026349650075,1.8369107594447587,Inelastic,Low
21700,736,279.7751585144928,8.720108695652174,0.0,72.0,865.0,1101.388888888889,-0.22259819475339773,0.021732179475222768,2.2331220859356273,Inelastic,Low
21136,737,201.71847580280416,14.389416553595659,8.0,104.0,2549.0,2350.961538461538,-0.22213383338585166,0.0023455393894816767,2.714210228689431,Inelastic,Low
21363,628,598.9498407643312,1.605095541401274,0.0,495.0,1102.0,122.62626262626262,-0.21844901921477483,0.006470047611915608,1.9562896268108554,Inelastic,Low
21361,526,1436.5574778200255,1.1007604562737643,0.0,1095.0,2549.0,132.78538812785388,-0.21639802044210338,0.0053271389280588055,1.99664500405573,Inelastic,Low
22374,663,531.4502262443439,1.5625942684766214,0.0,395.0,1272.0,222.02531645569618,-0.2152315700316538,0.004882561443841804,1.922561473532419,Inelastic,Low
22564,624,129.2780982905983,7.381410256410256,0.0,106.0,251.0,136.7924528301887,-0.214609657814952,0.0005898758117768299,1.7583225054655716,Inelastic,Low
84580,737,386.32184531886026,1.4667571234735415,0.0,375.0,430.0,14.666666666666666,-0.21275018221891207,0.0003577878214913177,1.7946906102544598,Inelastic,Low
22231,737,158.63478064224333,2.9185888738127543,0.0,59.0,343.0,481.3559322033898,-0.2061814138852053,0.009869057001785198,1.5752922446290771,Inelastic,Low
15044C,735,379.798185941043,1.3183673469387756,0.0,255.0,604.0,136.86274509803923,-0.2052548372699651,0.007277447513506341,1.570215791214268,Inelastic,Low
21447,657,160.01065449010653,4.23896499238965,0.0,106.0,257.0,142.45283018867926,-0.19453395555471917,0.0027999845488501096,1.7117238413243467,Inelastic,Low
22312,737,423.6226142017187,1.7774762550881953,0.0,125.0,865.0,592.0,-0.19179467775820724,0.006668639229486795,1.565058264322298,Inelastic,Low
85049F,663,129.82001005530418,3.2141779788838614,0.0,118.66666666666669,257.0,116.57303370786514,-0.17901489223952266,0.000525162314964911,1.5254623993618557,Inelastic,Low
22728,441,448.762955518908,14.396825396825397,5.0,339.0,828.9999999999999,144.5427728613569,-0.16923070947337826,0.0008488451267008035,2.79700431382588,Inelastic,Low
84969,734,480.70390554041774,1.3583106267029972,0.0,329.0,865.0,162.91793313069908,-0.16591659536656875,0.003935822390945365,1.4833938163938118,Inelastic,Low
37500,738,916.5853658536586,1.2005420054200542,0.0,495.0,2170.0,338.38383838383834,-0.16477112183213646,0.006652879217053265,1.495397762438457,Inelastic,Low
22614,582,38.64601947308133,10.097938144329897,0.0,25.0,85.0,240.0,-0.15506763016954825,0.0013560765856024393,1.662652800855101,Inelastic,Low
22243,717,184.34660290894598,10.769874476987448,0.0,145.0,343.0,136.55172413793105,-0.1542175746556816,0.0006240020775843957,1.6114144991539037,Inelastic,Low
21866,737,180.47070168637333,2.993215739484396,0.0,83.0,336.0,304.81927710843377,-0.15098521834930922,0.003580008011327296,1.4714004520368307,Inelastic,Low
22621,582,178.12010978712007,15.034364261168385,3.0,125.0,336.0,168.79999999999998,-0.1477575242492005,0.0004748390992082019,2.3832740662433993,Inelastic,Low
21867,737,154.52238805970148,1.5780189959294437,0.0,83.0,295.0,255.42168674698792,-0.1454569121504143,0.003140242437057572,1.16117011921729,Inelastic,Low
20973,632,76.54518158529234,15.890822784810126,0.0,55.00000000000001,128.0,132.72727272727272,-0.1445769719865351,0.00045997412761977774,1.8945599579414605,Inelastic,Low
22899,439,233.1383826879271,6.047835990888383,1.0,185.0,421.0,127.56756756756758,-0.14394353165927307,0.0006439591200273487,1.8959361768011171,Inelastic,Low
22193,738,901.7394083107498,2.611111111111111,0.0,765.0,1735.0000000000002,126.79738562091507,-0.14182904814184386,0.000653559311991625,1.6623025200500172,Inelastic,Low
21871,738,162.00462317718416,15.71680216802168,1.0,98.33333333333331,343.0,248.81355932203397,-0.14178272231582917,0.0009764450494741395,2.0728189823279175,Inelastic,Low
22174,738,246.451467931346,7.3346883468834685,0.0,125.0,421.0,236.79999999999998,-0.13048961175272927,0.001472810554496995,1.5871171919790816,Inelastic,Low
22350,737,298.97512437810946,3.8724559023066485,0.0,210.0,595.0,183.33333333333331,-0.12894915829283363,0.0011508128509611915,1.3206989553294588,Inelastic,Low
22376,662,530.4340382678752,0.8187311178247734,0.0,375.0,1272.0,239.2,-0.12469458917456398,0.0029182158885219245,1.1263898053314017,Inelastic,Low
15044A,728,341.9647435897436,6.815934065934066,0.0,255.0,604.0,136.86274509803923,-0.11605844224943104,0.0010978307087563532,1.1116516533840084,Inelastic,Low
22796,424,1035.1309355345911,1.9221698113207548,0.0,850.0,2123.0,149.76470588235293,-0.11393493710512426,0.0004805680015972369,1.466948743756205,Inelastic,Low
22228,735,99.86507936507935,2.3333333333333335,0.0,39.0,170.0,335.8974358974359,-0.10937850122843236,0.0027841171468119263,0.9783235354701469,Inelastic,Low
21756,737,651.6301285778898,2.221166892808684,0.0,545.0,1213.0,122.56880733944955,-0.10856919919725576,0.0005133812003090821,1.394262065350425,Inelastic,Low
22069,738,291.46400180668473,1.3021680216802167,0.0,135.66666666666666,421.0,210.31941031941037,-0.10313421336234917,0.0029962411618612572,0.9437240103608346,Inelastic,Low
71459,737,104.88574713015012,45.379918588873814,12.0,72.0,691.0,859.7222222222222,-0.10218303014974452,0.00033296613022848476,2.6737104194598023,Inelastic,Low
22429,631,473.251558372953,3.683042789223455,1.0,375.0,847.0000000000001,125.8666666666667,-0.10084604415353088,0.00041093482683274285,1.4982676117372002,Inelastic,Low
22904,424,328.32287735849053,8.273584905660377,1.0,255.0,591.0,131.76470588235293,-0.09598158148696986,0.00022650024706649674,1.7656532171168844,Inelastic,Low
22173,738,361.9714834172151,6.953929539295393,2.0,250.0,604.0,141.6,-0.09493050002601393,0.0003355435858065636,1.7577077683831335,Inelastic,Low
21777,370,890.8011261261261,3.0594594594594593,1.0,695.0,1735.0000000000002,149.6402877697842,-0.09485138670319093,0.00048594179806971116,1.4863660211147325,Inelastic,Low
82482,738,288.513974960977,23.220867208672086,12.0,210.0,579.0,175.71428571428572,-0.0938900235449125,0.000121506790625725,2.675444015397234,Inelastic,Low
22272,537,310.2597011616565,2.5977653631284916,0.0,197.0,591.0,200.0,-0.09305444055799177,0.0002842336759610875,1.1239794052565588,Inelastic,Low
22617,635,522.9649343832021,6.875590551181102,3.0,425.0,1102.0,159.29411764705884,-0.08066443137993871,0.000117035103995633,1.7727093027533716,Inelastic,Low
84077,738,27.28333333333333,148.84688346883468,48.0,18.0,63.0,250.0,-0.08032219522363034,6.0090487841724105e-05,3.271652406613136,Inelastic,Low
22749,457,403.91086016463487,8.424507658643327,3.0,339.0,762.0,124.7787610619469,-0.0662730353987059,8.109507824038964e-05,1.7479966177007857,Inelastic,Low
22355,738,116.78405952674244,43.88482384823848,19.0,72.0,264.25,267.01388888888886,-0.06623539402200555,0.00012412459895916328,2.888445986515255,Inelastic,Low
85053,738,249.46255645889798,2.7560975609756095,0.0,169.0,430.0,154.4378698224852,-0.06322057591291726,0.0003017780051821628,0.9280804026110713,Inelastic,Low
22795,418,772.9431077694235,3.9688995215311005,1.0,595.0,1357.0,128.0672268907563,-0.06208197195361276,0.0001896777385264059,1.343252269261158,Inelastic,Low
37370,721,436.767705364446,10.370319001386962,0.0,106.0,1648.0,1454.7169811320755,-0.057339914428174134,0.0016579679507757739,1.2446232105327135,Inelastic,Low
22180,706,1103.1990557129368,1.4178470254957507,0.0,850.0,2123.0,149.76470588235293,-0.05706845284583295,0.00030147062466490127,0.9266224600269999,Inelastic,Low
84212,730,72.25650684931507,33.9,0.0,42.0,506.0,1104.7619047619048,-0.054267703091848626,0.00011907664590271594,1.263410733235414,Inelastic,Low
85175,727,76.4916322787712,21.76891334250344,0.0,27.0,1357.0,4925.925925925926,-0.045791090749254665,0.0002145693414923322,1.5889381500635076,Inelastic,Low
22650,574,172.81431475029035,3.200348432055749,0.0,125.0,336.0,168.79999999999998,-0.04334980708599984,0.00013541523763738184,0.8974196389454729,Inelastic,Low
C2,732,5028.9275956284155,0.37158469945355194,0.0,1500.0,15000.0,900.0,-0.029919799656732433,0.0001230283271496102,0.4788581977010787,Inelastic,Low
22349,734,404.4547229791099,3.519073569482289,0.0,269.0,894.9999999999999,232.71375464684013,-0.028301439371850316,3.4344315136047854e-05,0.7820886854578537,Inelastic,Low
21463,736,610.6209239130435,1.858695652173913,0.0,422.5,2123.0,402.48520710059165,-0.012499581210878253,8.684403482672742e-06,0.5517119083386319,Inelastic,Low
22372,666,527.5525525525526,0.9234234234234234,0.0,395.0,1272.0,222.02531645569618,-0.011262271655006885,1.981092896929937e-05,0.4438217129568568,Inelastic,Low
22236,713,1303.4957924263674,1.5946704067321178,0.0,1095.0,2604.0,137.8082191780822,-0.0076988310733825316,1.6460468232892822e-06,0.5585112774501292,Inelastic,Low
22443,500,841.1167333333333,1.392,0.0,675.0,1613.0,138.96296296296296,-0.0004123415046904443,9.278702806092554e-09,0.47077178679525883,Inelastic,Low
84839,329,707.4256404689535,4.623100303951368,1.0,338.0,1300.0,284.61538461538464,0.0033033088420338004,5.786588929135306e-07,0.939053191363949,Positive,Low
22087,738,343.1290833225793,11.513550135501355,0.0,255.0,655.5,157.05882352941177,0.0227366746220655,1.1416910611239395e-05,1.0636985737860425,Positive,Low
85049A,738,164.66830558781777,7.985094850948509,0.0,106.0,336.0,216.98113207547172,0.023745556874082148,3.8197643273285564e-05,0.7668164463826472,Positive,Low
21355,738,138.09106981546006,4.769647696476965,0.0,105.0,257.0,144.76190476190476,0.06246186925176484,0.00013776877650661934,0.2942703368658284,Positive,Low
21224,736,126.4069293478261,2.9932065217391304,0.0,83.0,257.0,209.63855421686745,0.06454134856768676,0.0003002857281217963,0.3132344077374547,Positive,Low
21558,738,308.4118079752226,5.612466124661246,1.0,210.0,517.0,146.19047619047618,0.06463116625390242,0.00023193292968781698,0.6297797279748606,Positive,Low
37446,735,173.50163265306122,5.161904761904762,0.0,125.0,343.0,174.4,0.07578623622298707,0.0003243073847286615,0.32457393577692834,Positive,Low
21937,732,343.04401075548617,5.617486338797814,0.0,255.0,604.0,136.86274509803923,0.08728817323711482,0.00030051530214469935,0.3264797466180608,Positive,Low
22521,406,91.14528501055595,5.640394088669951,0.0,78.5,166.0,111.46496815286623,0.08809979019487206,0.00015441498226176353,0.576164451634942,Positive,Low
22045,734,41.87029972752043,19.70980926430518,0.0,34.0,42.0,23.52941176470588,0.0897577369090694,7.776750967747326e-06,1.212198854706565,Positive,Low
22659,635,224.64478678801515,26.513385826771653,4.0,165.0,445.6666666666667,170.1010101010101,0.09907734080489976,0.00014695111706031216,1.2168524448594842,Positive,Low
84030E,735,518.9792095885973,2.6408163265306124,0.0,150.0,1113.0,642.0,0.10153603342193028,0.0010911089429850307,-0.07973097436853849,Positive,Low
22846,420,1761.5682539682539,2.026190476190476,0.0,500.0,3400.0,580.0,0.10601024203725291,0.001970266386320585,-0.12935255661573997,Positive,Low
21012,738,228.20426829268294,3.193766937669377,0.0,65.0,430.0,561.5384615384615,0.1063469956092926,0.000828915076511394,-0.029591685862160544,Positive,Low
21258,738,1593.51346625371,2.2710027100271004,0.0,1095.0,2604.0,137.8082191780822,0.11577522221903713,0.0014308492410901597,-0.32586801151544287,Positive,Low
21537,736,449.9207427536232,1.4130434782608696,0.0,375.0,865.0,130.66666666666666,0.12737120912143343,0.0007918962196279411,-0.361855530733076,Positive,Low
20982,738,92.90108723706285,6.6409214092140925,0.0,72.0,166.0,130.55555555555557,0.13596508185872508,0.0003622701802455941,0.4116527065838964,Positive,Low
21041,722,389.02456799894475,3.742382271468144,0.0,255.0,663.0,160.0,0.22774266895472003,0.004527084814910598,-0.6248086350662203,Positive,Low
21735,654,1378.3229867482162,1.3547400611620795,0.0,600.0,2604.0,334.0,0.2935952626016737,0.012094156208311335,-1.741127803285156,Positive,Low
22627,584,883.9816210045663,2.787671232876712,1.0,76.0,1698.0,2134.2105263157896,0.2973916280742794,0.0561275452180765,-1.1131881997440938,Positive,Low
47556B,503,314.5764082173625,7.427435387673956,0.0,255.0,604.0,136.86274509803923,0.3222176887780458,0.0031220609564124313,-0.866804013946236,Positive,Low
22865,455,233.85636741385017,33.91648351648352,0.0,193.3333333333333,413.0,113.62068965517247,0.3842439503545438,0.001318564360904384,-0.5213529129054248,Positive,Low
21479,738,466.23736927969645,9.24390243902439,0.0,339.0,871.0,156.93215339233038,0.4100705170841373,0.00609085376360774,-1.6786845761264524,Positive,Low
23201,242,233.79899019713065,55.0,29.0,179.0,413.0,130.72625698324023,0.4399998509064209,0.0019657701417241658,0.5684617683699043,Positive,Low
37449,736,1028.7498188405798,3.279891304347826,0.0,679.0,2170.0,219.5876288659794,0.44252488900242287,0.0077329566412519535,-2.3966118559606167,Positive,Low
22722,393,455.3876650914819,15.188295165394402,1.0,345.0,828.9999999999999,140.28985507246375,0.5852640684493644,0.007576328884720374,-2.1730266152624855,Positive,Low
22558,604,164.69896714764266,23.60927152317881,5.0,110.75,329.0,197.06546275395033,0.5869785485561426,0.005990796349122363,-1.1363994473904568,Positive,Low
21770,737,522.2883472249143,4.05427408412483,0.0,425.0,1017.0,139.2941176470588,0.7823990301567281,0.012562289509805424,-4.214674600752756,Positive,Low
22192,737,817.920737222976,1.9484396200814111,0.0,400.0,1663.0,315.75,0.8170273584397267,0.06911292406776193,-4.813127102778106,Positive,Low
22988,381,139.0815960504937,25.41469816272966,0.0,106.0,295.0,178.30188679245282,0.8801413579016217,0.013590774571429987,-2.770135671933404,Positive,Low
22961,504,178.39886274164547,35.82539682539682,8.5,135.0,336.0,148.88888888888889,1.537571372075389,0.0371199002408652,-5.8913490923849725,Positive,Low
21591,738,125.14566395663957,5.532520325203252,0.0,115.5,295.0,155.4112554112554,3.2536250769461477,0.030889307612915973,-15.084511650871498,Positive,Low
16161P,736,41.155797101449274,17.932065217391305,0.0,34.0,42.0,23.52941176470588,4.758658369602811,0.046997236924596675,-16.271277480124642,Positive,Low
